MUNICIPALITY,REGION,LOCATIVE
Abertamy,Karlovy Vary,Abertamech
Adamov,České Budějovice,Adamově
Adamov,Kutná Hora,Adamově
Adamov,Blansko,Adamově
Adršpach,Náchod,Adršpachu
Albrechtice,Karviná,Albrechticích
Albrechtice,Ústí nad Orlicí,Albrechticích
Albrechtice nad Orlicí,Rychnov nad Kněžnou,Albrechticích
Albrechtice nad Vltavou,Písek,Albrechticích
Albrechtice v Jizerských horách,Jablonec nad Nisou,Albrechticích
Albrechtičky,Nový Jičín,Albrechtičkách
Alojzov,Prostějov,Alojzově
Andělská Hora,Karlovy Vary,Andělské Hoře
Andělská Hora,Bruntál,Andělské Hoře
Anenská Studánka,Ústí nad Orlicí,Anenské Studánce
Archlebov,Hodonín,Archlebově
Arneštovice,Pelhřimov,Arneštovicích
Arnolec,Jihlava,Arnolci
Arnoltice,Děčín,Arnolticích
Aš,Cheb,Aši
Babice,Uherské Hradiště,Babicích
Babice,Prachatice,Babicích
Babice,Praha-východ,Babicích
Babice,Olomouc,Babicích
Babice,Třebíč,Babicích
Babice,Hradec Králové,Babicích
Babice nad Svitavou,Brno-venkov,Babicích
Babice u Rosic,Brno-venkov,Babicích
Babylon,Domažlice,"Babyloně,Babylonu"
Bácovice,Pelhřimov,Bácovicích
Bačalky,Jičín,Bačalkách
Bačetín,Rychnov nad Kněžnou,Bačetíně
Bačice,Třebíč,Bačicích
Bačkov,Havlíčkův Brod,Bačkově
Bačkovice,Třebíč,Bačkovicích
Bakov nad Jizerou,Mladá Boleslav,Bakově
Baliny,Žďár nad Sázavou,Balinách
Balkova Lhota,Tábor,Balkově Lhotě
Banín,Svitavy,Baníně
Bánov,Uherské Hradiště,Bánově
Báňovice,Jindřichův Hradec,Báňovicích
Bantice,Znojmo,Banticích
Barchov,Hradec Králové,Barchově
Barchov,Pardubice,Barchově
Barchovice,Kolín,Barchovicích
Bartošovice,Nový Jičín,Bartošovicích
Bartošovice v Orlických horách,Rychnov nad Kněžnou,Bartošovicích
Bartoušov,Havlíčkův Brod,Bartoušově
Bařice-Velké Těšany,Kroměříž,Bařicích-Velkých Těšanech
Baška,Frýdek-Místek,Bašce
Bašnice,Jičín,Bašnicích
Bašť,Praha-východ,Bašti
Batelov,Jihlava,Batelově
Batňovice,Trutnov,Batňovicích
Bavorov,Strakonice,Bavorově
Bavory,Břeclav,Bavorech
Bavoryně,Beroun,Bavoryni
Bdeněves,Plzeň-sever,Bdeněvsi
Bdín,Rakovník,Bdíně
Bečice,České Budějovice,Bečicích
Bečice,Tábor,Bečicích
Bečov,Most,Bečově
Bečov nad Teplou,Karlovy Vary,Bečově
Bečváry,Kolín,Bečvárech
Bedihošť,Prostějov,Bedihošti
Bednárec,Jindřichův Hradec,Bednárci
Bednáreček,Jindřichův Hradec,Bednárečku
Bedřichov,Jablonec nad Nisou,Bedřichově
Bedřichov,Blansko,Bedřichově
Běhařov,Klatovy,Běhařově
Běhařovice,Znojmo,Běhařovicích
Běchary,Jičín,Běcharech
Bechlín,Litoměřice,Bechlíně
Bechyně,Tábor,Bechyni
Bělá,Semily,Bělé
Bělá,Opava,Bělé
Bělá,Pelhřimov,Bělé
Bělá,Havlíčkův Brod,Bělé
Bělá nad Radbuzou,Domažlice,Bělé
Bělá pod Bezdězem,Mladá Boleslav,Bělé
Bělá u Jevíčka,Svitavy,Bělé
Bělčice,Strakonice,Bělčicích
Běleč,Tábor,Bělči
Běleč,Kladno,Bělči
Běleč,Brno-venkov,Bělči
Běleč nad Orlicí,Hradec Králové,Bělči
Bělkovice-Lašťany,Olomouc,Bělkovicích-Lašťanech
Běloky,Kladno,Bělokách
Bělotín,Přerov,Bělotíně
Bělov,Zlín,Bělově
Bělušice,Kolín,Bělušicích
Bělušice,Most,Bělušicích
Benecko,Semily,Benecku
Benešov,Benešov,Benešově
Benešov,Blansko,Benešově
Benešov nad Černou,Český Krumlov,Benešově
Benešov nad Ploučnicí,Děčín,Benešově
Benešov u Semil,Semily,Benešově
Benešovice,Tachov,Benešovicích
Benetice,Třebíč,Beneticích
Beňov,Přerov,Beňově
Bernardov,Kutná Hora,Bernardově
Bernartice,Písek,Bernarticích
Bernartice,Benešov,Bernarticích
Bernartice,Jeseník,Bernarticích
Bernartice,Trutnov,Bernarticích
Bernartice nad Odrou,Nový Jičín,Bernarticích
Beroun,Beroun,"Berouně,Berounu"
Běrunice,Nymburk,Běrunicích
Beřovice,Kladno,Beřovicích
Besednice,Český Krumlov,Besednici
Běstovice,Ústí nad Orlicí,Běstovicích
Běstvina,Chrudim,Běstvině
Běšiny,Klatovy,Běšinách
Běštín,Beroun,Běštíně
Bezděčí u Trnávky,Svitavy,Bezděčí
Bezdědovice,Strakonice,Bezdědovicích
Bezděkov,Rokycany,Bezděkově
Bezděkov,Klatovy,Bezděkově
Bezděkov,Havlíčkův Brod,Bezděkově
Bezděkov,Pardubice,Bezděkově
Bezděkov nad Metují,Náchod,Bezděkově
Bezděkov pod Třemšínem,Příbram,Bezděkově
Bezděz,Česká Lípa,"Bezděze,Bezdězi,Bezdězu"
Bezdružice,Tachov,Bezdružicích
Bezkov,Znojmo,Bezkově
Bezměrov,Kroměříž,Bezměrově
Bezno,Mladá Boleslav,Bezně
Bezuchov,Přerov,Bezuchově
Bezvěrov,Plzeň-sever,Bezvěrově
Bílá,Liberec,Bílé
Bílá,Frýdek-Místek,Bílé
Bílá Hlína,Mladá Boleslav,Bílé Hlíně
Bílá Lhota,Olomouc,Bílé Lhotě
Bílá Třemešná,Trutnov,Bílé Třemešné
Bílá Voda,Jeseník,Bílé Vodě
Bílčice,Bruntál,Bílčicích
Bílé Podolí,Kutná Hora,Bílém Podolí
Bílé Poličany,Trutnov,Bílých Poličanech
Bílence,Chomutov,Bílencích
Bílichov,Kladno,Bílichově
Bílina,Teplice,Bílině
Bílkovice,Benešov,Bílkovicích
Bílov,Nový Jičín,Bílově
Bílov,Plzeň-sever,Bílově
Bílovec,Nový Jičín,Bílovci
Bílovice,Uherské Hradiště,Bílovicích
Bílovice nad Svitavou,Brno-venkov,Bílovicích
Bílovice-Lutotín,Prostějov,Bílovicích-Lutotíně
Bílsko,Strakonice,Bílsku
Bílsko,Olomouc,Bílsku
Bílsko u Hořic,Jičín,Bílsku
Bílý Kámen,Jihlava,"Bílém Kameni,Bílém Kamenu"
Bílý Kostel nad Nisou,Liberec,Bílém Kostele
Bílý Potok,Liberec,"Bílém Potoce,Bílém Potoku"
Bílý Újezd,Rychnov nad Kněžnou,"Bílém Újezdě,Bílém Újezdu"
Biřkov,Klatovy,Biřkově
Biskoupky,Brno-venkov,Biskoupkách
Biskupice,Zlín,Biskupicích
Biskupice,Prostějov,Biskupicích
Biskupice,Svitavy,Biskupicích
Biskupice,Chrudim,Biskupicích
Biskupice-Pulkov,Třebíč,Biskupicích-Pulkově
Bítouchov,Mladá Boleslav,Bítouchově
Bítov,Nový Jičín,Bítově
Bítov,Znojmo,Bítově
Bítovany,Chrudim,Bítovanech
Bítovčice,Jihlava,Bítovčicích
Bitozeves,Louny,Bitozevsi
Blanné,Znojmo,Blanném
Blansko,Blansko,Blansku
Blatce,Česká Lípa,Blatcích
Blatec,Olomouc,Blatci
Blatná,Strakonice,Blatné
Blatnice,Plzeň-sever,Blatnici
Blatnice,Třebíč,Blatnici
Blatnice pod Svatým Antonínkem,Hodonín,Blatnici
Blatnička,Hodonín,Blatničce
Blatno,Chomutov,Blatně
Blatno,Louny,Blatně
Blazice,Kroměříž,Blazicích
Blažejov,Jindřichův Hradec,Blažejově
Blažejovice,Benešov,Blažejovicích
Blažim,Plzeň-sever,Blažimi
Blažim,Louny,Blažimi
Blažkov,Žďár nad Sázavou,Blažkově
Blažovice,Brno-venkov,Blažovicích
Blešno,Hradec Králové,Blešně
Blevice,Kladno,Blevicích
Blízkov,Žďár nad Sázavou,Blízkově
Blížejov,Domažlice,Blížejově
Blíževedly,Česká Lípa,"Blíževedlech,Blíževedlích"
Blížkovice,Znojmo,Blížkovicích
Blovice,Plzeň-jih,Blovicích
Blšany,Louny,Blšanech
Blšany u Loun,Louny,Blšanech
Blučina,Brno-venkov,Blučině
Bludov,Kutná Hora,Bludově
Bludov,Šumperk,Bludově
Bobnice,Nymburk,Bobnicích
Bobrová,Žďár nad Sázavou,Bobrové
Bobrůvka,Žďár nad Sázavou,Bobrůvce
Bocanovice,Frýdek-Místek,Bocanovicích
Boháňka,Jičín,Boháňce
Boharyně,Hradec Králové,Boharyni
Bohaté Málkovice,Vyškov,Bohatých Málkovicích
Bohatice,Česká Lípa,Bohaticích
Bohdalec,Žďár nad Sázavou,Bohdalci
Bohdalice-Pavlovice,Vyškov,Bohdalicích-Pavlovicích
Bohdalín,Pelhřimov,Bohdalíně
Bohdalov,Žďár nad Sázavou,Bohdalově
Bohdalovice,Český Krumlov,Bohdalovicích
Bohdaneč,Kutná Hora,Bohdanči
Bohdašín,Rychnov nad Kněžnou,Bohdašíně
Bohdíkov,Šumperk,Bohdíkově
Bohostice,Příbram,Bohosticích
Bohumilice,Prachatice,Bohumilicích
Bohumín,Karviná,Bohumíně
Bohunice,Prachatice,Bohunicích
Bohuňov,Žďár nad Sázavou,Bohuňově
Bohuňov,Svitavy,Bohuňově
Bohuňovice,Olomouc,Bohuňovicích
Bohuňovice,Svitavy,Bohuňovicích
Bohuslavice,Opava,Bohuslavicích
Bohuslavice,Šumperk,Bohuslavicích
Bohuslavice,Prostějov,Bohuslavicích
Bohuslavice,Jihlava,Bohuslavicích
Bohuslavice,Náchod,Bohuslavicích
Bohuslavice nad Vláří,Zlín,Bohuslavicích
Bohuslavice u Zlína,Zlín,Bohuslavicích
Bohuslávky,Přerov,Bohuslávkách
Bohušice,Třebíč,Bohušicích
Bohušov,Bruntál,Bohušově
Bohušovice nad Ohří,Litoměřice,Bohušovicích
Bohutice,Znojmo,Bohuticích
Bohutín,Příbram,Bohutíně
Bohutín,Šumperk,Bohutíně
Bohy,Plzeň-sever,"Bohách,Bozích"
Bochoř,Přerov,Bochoři
Bochov,Karlovy Vary,Bochově
Abertamy,Karlovy Vary,Abertamech
Adamov,České Budějovice,Adamově
Bělá nad Svitavou,Svitavy
Bělá pod Pradědem,Jeseník
Benátky,Hradec Králové
Benátky,Svitavy
Benátky nad Jizerou,Mladá Boleslav
Bochovice,Třebíč,Bochovicích
Bojanov,Chrudim,Bojanově
Bojanovice,Praha-západ,Bojanovicích
Bojiště,Havlíčkův Brod,Bojišti
Bojkovice,Uherské Hradiště,Bojkovicích
Bolatice,Opava,Bolaticích
Boleboř,Chomutov,Boleboři
Bolehošť,Rychnov nad Kněžnou,Bolehošti
Boleradice,Břeclav,Boleradicích
Bolešiny,Klatovy,Bolešinách
Boletice,Český Krumlov,Boleticích
Bolkov,Plzeň-jih,Bolkově
Boňkov,Havlíčkův Brod,Boňkově
Bor,Tachov,Boru
Bor u Skutče,Chrudim,Boru
Borač,Brno-venkov,Borači
Bordovice,Nový Jičín,Bordovicích
Boreč,Mladá Boleslav,Borči
Borek,České Budějovice,Borku
Borkovany,Břeclav,Borkovanech
Borkovice,Tábor,Borkovicích
Borohrádek,Rychnov nad Kněžnou,Borohrádku
Borotice,Příbram,Boroticích
Borotín,Tábor,Borotíně
Borová,Náchod,Borové
Borová Lada,Prachatice,Borových Ladech
Borovany,České Budějovice,Borovanech
Borovná,Jihlava,Borovné
Borovnice,České Budějovice,Borovnici
Borovnička,Trutnov,Borovničce
Borovník,Brno-venkov,Borovníku
Borovno,Plzeň-jih,Borovně
Borovy,Plzeň-jih,Borovech
Boršice,Uherské Hradiště,Boršicích
Boršice u Blatnice,Uherské Hradiště,Boršicích
Boršov,Jihlava,Boršově
Boršov nad Vltavou,České Budějovice,Boršově
Borušov,Svitavy,Borušově
Bory,Žďár nad Sázavou,Borech
Bořanovice,Praha-východ,Bořanovicích
Bořenovice,Kroměříž,Bořenovicích
Bořetice,Břeclav,Bořeticích
Bořetín,Jindřichův Hradec,Bořetíně
Bořice,Chrudim,Bořicích
Bořislav,Teplice,Bořislavi
Bořitov,Blansko,Bořitově
Boseň,Mladá Boleslav,Bosni
Boskovice,Blansko,Boskovicích
Boskovštejn,Znojmo,Boskovštejně
Bošice,Prachatice,Bošicích
Bošilec,České Budějovice,Bošilci
Bošín,Ústí nad Orlicí,Bošíně
Bošovice,Vyškov,Bošovicích
Boudy,Písek,Boudách
Bousín,Prostějov,Bousíně
Bousov,Chrudim,Bousově
Bouzov,Olomouc,Bouzově
Bozkov,Semily,Bozkově
Božanov,Náchod,Božanově
Božejov,Pelhřimov,Božejově
Božetice,Písek,Božeticích
Boží Dar,Karlovy Vary,Božím Daru
Božice,Znojmo,Božicích
Božičany,Karlovy Vary,Božičanech
Bradáčov,Tábor,Bradáčově
Brada-Rybníček,Jičín,Bradě-Rybníčku
Bradlec,Mladá Boleslav,Bradlci
Bradlecká Lhota,Semily,Bradlecké Lhotě
Brambory,Kutná Hora,Bramborách
Braňany,Most,Braňanech
Brandov,Most,Brandově
Brandýs nad Labem-Stará Boleslav,Praha-východ,"Brandýse nad Labem-Staré Boleslavi,Brandýsu nad Labem-Staré Boleslavi"
Brandýs nad Orlicí,Ústí nad Orlicí,"Brandýsu,Brandýse"
Brandýsek,Kladno,Brandýsku
Branice,Písek,Branicích
Braníškov,Brno-venkov,Braníškově
Branišov,České Budějovice,Branišově
Branišovice,Brno-venkov,Branišovicích
Branka u Opavy,Opava,Brance
Brankovice,Vyškov,Brankovicích
Branky,Vsetín,Brankách
Branná,Šumperk,Branné
Bransouze,Třebíč,Bransouzích
Brantice,Bruntál,Branticích
Branžež,Mladá Boleslav,Branžeži
Braškov,Kladno,Braškově
Bratčice,Kutná Hora,Bratčicích
Bratkovice,Příbram,Bratkovicích
Bratronice,Strakonice,Bratronicích
Branov,Rakovník,Branově
Bratrušov,Šumperk,Bratrušově
Bratřejov,Zlín,Bratřejově
Bratřice,Pelhřimov,Bratřicích
Bratříkovice,Opava,Bratříkovicích
Bratřínov,Praha-západ,Bratřínově
Bravantice,Nový Jičín,Bravanticích
Brázdim,Praha-východ,"Brázdimě,Brázdimu"
Brdy,Příbram,Brdech
Brloh,Český Krumlov,"Brloze,Brlohu"
Brňany,Litoměřice,Brňanech
Brněnec,Svitavy,Brněnci
Brníčko,Šumperk,Brníčku
Brnířov,Domažlice,Brnířově
Brniště,Česká Lípa,Brništi
Brno,Brno,"Brnu,Brně"
Brod nad Dyjí,Břeclav,"Brodě,Brodu"
Brod nad Tichou,Tachov,"Brodě,Brodu"
Brodce,Mladá Boleslav,Brodcích
Brodek u Prostějova,Prostějov,Brodku
Brodek u Přerova,Přerov,Brodku
Brodeslavy,Plzeň-sever,Brodeslavech
Broumov,Tachov,Broumově
Broumy,Beroun,Broumech
Brozany nad Ohří,Litoměřice,Brozanech
Brtnice,Jihlava,Brtnici
Brtnička,Jihlava,Brtničce
Brťov-Jeneč,Blansko,Brťově-Jenči
Brumov,Brno-venkov,Brumově
Brumov-Bylnice,Zlín,Brumově-Bylnici
Brumovice,Opava,Brumovicích
Bruntál,Bruntál,"Bruntále,Bruntálu"
Brusné,Kroměříž,Brusném
Brušperk,Frýdek-Místek,"Brušperku,Brušperce"
Bruzovice,Frýdek-Místek,Bruzovicích
Brzánky,Litoměřice,Brzánkách
Brzice,Náchod,Brzicích
Brzkov,Jihlava,Brzkově
Břasy,Rokycany,"Břasích,Břasech"
Břeclav,Břeclav,Břeclavi
Břehov,České Budějovice,Břehově
Břehy,Pardubice,"Břehách,Březích"
Břest,Kroměříž,"Břestu,Břestě"
Břestek,Uherské Hradiště,Břestku
Břevnice,Havlíčkův Brod,"Břevnici,Břevnicích"
Březejc,Žďár nad Sázavou,Březejci
Březí,Strakonice,Březí
Březí nad Oslavou,Žďár nad Sázavou,Březí
Březina,Jindřichův Hradec,Březině
Březinky,Svitavy,Březinkách
Březiny,Svitavy,Březinách
Březnice,Zlín,Březnici
Březník,Třebíč,"Březníku,Březníce"
Březno,Mladá Boleslav,Březně
Březolupy,Uherské Hradiště,Březolupech
Březová,Zlín,Březové
Březová nad Svitavou,Svitavy,Březové
Březová-Oleško,Praha-západ,Březové-Olešku
Březovice,Mladá Boleslav,Březovicích
Březské,Žďár nad Sázavou,Březském
Březsko,Prostějov,Březsku
Březůvky,Zlín,Březůvkách
Břežany,Rakovník,Břežanech
Břežany I,Kolín
Břežany II,Kolín
Břidličná,Bruntál,Břidličné
Bříství,Nymburk,Bříství
Bříšťany,Jičín,Bříšťanech
Bříza,Litoměřice,Bříze
Břvany,Louny,Břvanech
Bublava,Sokolov,Bublavě
Bubovice,Beroun,Bubovicích
Bučí,Plzeň-sever,Bučí
Bučina,Ústí nad Orlicí,Bučině
Bučovice,Vyškov,Bučovicích
Budčeves,Jičín,Budčevsi
Budeč,Jindřichův Hradec,Budči
Budětice,Klatovy,Buděticích
Budíkov,Pelhřimov,Budíkově
Budiměřice,Nymburk,Budiměřicích
Budislav,Tábor,Budislavi
Budišov nad Budišovkou,Opava,Budišově
Budišovice,Opava,Budišovicích
Budkov,Prachatice,Budkově
Budyně,Strakonice,Budyni
Budyně nad Ohří,Litoměřice,Budyni
Buchlovice,Uherské Hradiště,Buchlovicích
Bujanov,Český Krumlov,Bujanově
Bujesily,Rokycany,"Bujesilech,Bujesilích"
Buk,Prachatice,Buku
Bukov,Žďár nad Sázavou,Bukově
Buková,Plzeň-jih,Bukové
Buková u Příbramě,Příbram,Bukové
Bukovany,Sokolov,Bukovanech
Bukovec,Frýdek-Místek,Bukovci
Bukovice,Brno-venkov,Bukovici
Bukovina,Blansko,Bukovině
Bukovina nad Labem,Pardubice,Bukovině
Bukovina u Čisté,Semily,Bukovině
Bukovina u Přelouče,Pardubice,Bukovině
Bukovinka,Blansko,Bukovince
Bukovka,Pardubice,Bukovce
Bukovník,Klatovy,"Bukovníku,Bukovníce"
Bukovno,Mladá Boleslav,Bukovně
Bukvice,Jičín,Bukvici
Bulhary,Břeclav,Bulharech
Bulovka,Liberec,Bulovce
Buřenice,Pelhřimov,Buřenicích
Buš,Praha-západ,Buši
Bušanovice,Prachatice,Bušanovicích
Bušín,Šumperk,Bušíně
Bušovice,Rokycany,Bušovicích
Buštěhrad,Kladno,"Buštěhradě,Buštěhradu"
Butoves,Jičín,Butovsi
Buzice,Strakonice,Buzicích
Býčkovice,Litoměřice,Býčkovicích
Býchory,Kolín,Býchorech
Býkev,Mělník,Býkvi
Bykoš,Beroun,Bykoši
Býkovice,Blansko,Býkovicích
Býkov-Láryšov,Bruntál,Býkově-Láryšově
Bylany,Chrudim,Bylanech
Bynovec,Děčín,Bynovci
Bystrá,Pelhřimov,Bystré
Bystrá nad Jizerou,Semily,Bystré
Bystré,Rychnov nad Kněžnou,Bystrém
Bystročice,Olomouc,Bystročicích
Bystrovany,Olomouc,Bystrovanech
Bystřany,Teplice,Bystřanech
Bystřec,Ústí nad Orlicí,Bystrci
Bystřice,Benešov,Bystřici
Bystřice nad Pernštejnem,Žďár nad Sázavou
Bystřice pod Hostýnem,Kroměříž
Bystřice pod Lopeníkem,Uherské Hradiště,Bystřici
Bystřička,Vsetín,Bystřičce
Byšice,Mělník,Byšicích
Býškovice,Přerov,Býškovicích
Býšovec,Žďár nad Sázavou,Býšovci
Býšť,Pardubice,Býšti
Byzhradec,Rychnov nad Kněžnou,Byzhradci
Bzenec,Hodonín,Bzenci
Bzová,Beroun,Bzové
Bžany,Teplice,Bžanech
Cebiv,Tachov,Cebivi
Cehnice,Strakonice,Cehnicích
Cejle,Jihlava,Cejli
Cekov,Rokycany,Cekově
Cep,Jindřichův Hradec,Cepu
Cerekvice nad Bystřicí,Jičín,Cerekvici
Cerekvice nad Loučnou,Svitavy,Cerekvici
Cerekvička-Rosice,Jihlava,Cerekvičce-Rosicích
Cerhenice,Kolín,Cerhenicích
Cerhonice,Písek,Cerhonicích
Cerhovice,Beroun,Cerhovicích
Cetechovice,Kroměříž,Cetechovicích
Cetenov,Liberec,Cetenově
Cetkovice,Blansko,Cetkovicích
Cetoraz,Pelhřimov,Cetorazi
Cetyně,Příbram,Cetyni
Cidlina,Třebíč,Cidlině
Cikháj,Žďár nad Sázavou,Cikháji
Církvice,Kutná Hora,"Církvici,Církvicích"
Císařov,Přerov,Císařově
Citice,Sokolov,Citicích
Cítoliby,Louny,Cítolibech
Cítov,Mělník,Cítově
Cizkrajov,Jindřichův Hradec,Cizkrajově
Cotkytle,Ústí nad Orlicí,Cotkytli
Crhov,Blansko,Crhově
Ctětín,Chrudim,Ctětíně
Ctiboř,Benešov,Ctiboři
Ctidružice,Znojmo,Ctidružicích
Ctiměřice,Mladá Boleslav,Ctiměřicích
Ctiněves,Litoměřice,Ctiněvsi
Cvikov,Česká Lípa,Cvikově
Cvrčovice,Kladno,Cvrčovicích
Čachotín,Havlíčkův Brod,Čachotíně
Čachovice,Mladá Boleslav,Čachovicích
Čachrov,Klatovy,Čachrově
Čakov,České Budějovice,Čakově
Čaková,Bruntál,Čakové
Čakovičky,Mělník,Čakovičkách
Čankovice,Chrudim,Čankovicích
Čáslav,Kutná Hora,Čáslavi
Čáslavice,Třebíč,Čáslavicích
Čáslavsko,Pelhřimov,Čáslavsku
Částkov,Uherské Hradiště,Částkově
Častohostice,Třebíč,Častohosticích
Častolovice,Rychnov nad Kněžnou,Častolovicích
Častrov,Pelhřimov,Častrově
Časy,Pardubice,Časech
Čavisov,Ostrava,Čavisově
Čebín,Brno-venkov,Čebíně
Čečelice,Mělník,Čečelicích
Čečelovice,Strakonice,Čečelovicích
Čečkovice,Havlíčkův Brod,Čečkovicích
Čečovice,Domažlice,Čečovicích
Čehovice,Prostějov,Čehovicích
Čechočovice,Třebíč,Čechočovicích
Čechtice,Benešov,Čechticích
Čechtín,Třebíč,Čechtíně
Čechy,Přerov,Čechách
Čechy pod Kosířem,Prostějov,Čechách
Čejč,Hodonín,Čejči
Čejetice,Strakonice,Čejeticích
Čejkovice,České Budějovice,Čejkovicích
Čejov,Pelhřimov,Čejově
Čeladná,Frýdek-Místek,Čeladné
Čelákovice,Praha-východ,Čelákovicích
Čelčice,Prostějov,Čelčicích
Čelechovice,Přerov,Čelechovicích
Čelechovice na Hané,Prostějov,Čelechovicích
Čelistná,Pelhřimov,Čelistné
Čeložnice,Hodonín,"Čeložnici,Čeložnicích"
Čeminy,Plzeň-sever,Čeminech
Čenkov,Příbram,Čenkově
Čenkov u Bechyně,České Budějovice,Čenkově
Čenkovice,Ústí nad Orlicí,Čenkovicích
Čeperka,Pardubice,Čeperce
Čepí,Pardubice,Čepí
Čepřovice,Strakonice,Čepřovicích
Čeradice,Louny,Čeradicích
Čerčany,Benešov,Čerčanech
Čermákovice,Znojmo,Čermákovicích
Čermná,Domažlice,Čermné
Čermná nad Orlicí,Rychnov nad Kněžnou,Čermné
Čermná ve Slezsku,Opava,Čermné
Černá,Žďár nad Sázavou,Černé
Černá Hora,Blansko,Černé Hoře
Černá u Bohdanče,Pardubice,Černé
Černá v Pošumaví,Český Krumlov,Černé
Černá Voda,Jeseník,Černé Vodě
Černava,Karlovy Vary,Černavě
Černčice,Louny,Černčicích
Černé Voděrady,Praha-východ,Černých Voděradech
Černěves,Litoměřice,Černěvsi
Černíč,Jihlava,Černíči
Černíkov,Klatovy,Černíkově
Černíkovice,Plzeň-sever,Černíkovicích
Černíky,Nymburk,Černíkách
Černilov,Hradec Králové,Černilově
Černín,Znojmo,Černíně
Černíny,Kutná Hora,"Černínech,Černínách"
Černiv,Litoměřice,Černivi
Černolice,Praha-západ,Černolicích
Černošice,Praha-západ,Černošicích
Černošín,Tachov,Černošíně
Černotín,Přerov,Černotíně
Černouček,Litoměřice,Černoučku
Černousy,Liberec,"Černousích,Černousech"
Černov,Pelhřimov,Černově
Černovice,Domažlice,Černovicích
Čerňovice,Plzeň-sever,Čerňovicích
Černožice,Hradec Králové,Černožicích
Černuc,Kladno,Černuci
Černvír,Brno-venkov,Černvíru
Černý Důl,Trutnov,"Černém Dole,Černém Dolu"
Černýšovice,Tábor,Černýšovicích
Červená Hora,Náchod,Červené Hoře
Červená Lhota,Třebíč,Červené Lhotě
Červená Řečice,Pelhřimov,Červené Řečici
Červená Třemešná,Jičín,Červené Třemešné
Červená Voda,Ústí nad Orlicí,Červené Vodě
Červené Janovice,Kutná Hora,Červených Janovicích
Červené Pečky,Kolín,Červených Pečkách
Červené Poříčí,Klatovy,Červeném Poříčí
Červenka,Olomouc,Července
Červený Hrádek,Jindřichův Hradec,Červeném Hrádku
Červený Kostelec,Náchod,Červeném Kostelci
Červený Újezd,Benešov,"Červeném Újezdě,Červeném Újezdu"
Česká,Brno-venkov,České
Česká Bělá,Havlíčkův Brod,České Bělé
Česká Bříza,Plzeň-sever,České Bříze
Česká Čermná,Náchod,České Čermné
Česká Kamenice,Děčín,České Kamenici
Česká Kubice,Domažlice,České Kubici
Česká Lípa,Česká Lípa,České Lípě
Česká Metuje,Náchod,České Metuji
Česká Rybná,Ústí nad Orlicí,České Rybné
Česká Skalice,Náchod,České Skalici
Česká Třebová,Ústí nad Orlicí,České Třebové
Česká Ves,Jeseník,České Vsi
České Budějovice,České Budějovice,Českých Budějovicích
České Heřmanice,Ústí nad Orlicí,Českých Heřmanicích
České Lhotice,Chrudim,Českých Lhoticích
České Libchavy,Ústí nad Orlicí,Českých Libchavách
České Meziříčí,Rychnov nad Kněžnou,Českém Meziříčí
České Petrovice,Ústí nad Orlicí,Českých Petrovicích
České Velenice,Jindřichův Hradec,Českých Velenicích
Český Brod,Kolín,"Českém Brodu,Českém Brodě"
Český Dub,Liberec,"Českém Dubu,Českém Dubě"
Český Jiřetín,Most,Českém Jiřetíně
Český Krumlov,Český Krumlov,Českém Krumlově
Český Rudolec,Jindřichův Hradec,Českém Rudolci
Český Šternberk,Benešov,"Českém Šternberku,Českém Šternberce"
Český Těšín,Karviná,Českém Těšíně
Čestice,Strakonice,Česticích
Čestín,Kutná Hora,Čestíně
Čestlice,Praha-východ,Čestlicích
Češov,Jičín,Češově
Číčenice,Strakonice,Číčenicích
Číčovice,Praha-západ,Číčovicích
Číhalín,Třebíč,Číhalíně
Číhaň,Klatovy,Číhani
Číhošť,Havlíčkův Brod,Číhošti
Čichalov,Karlovy Vary,Čichalově
Číchov,Třebíč,Číchově
Čikov,Třebíč,Čikově
Čilá,Rokycany,Čilé
Čilec,Nymburk,Čilci
Čím,Příbram,Čími
Čimelice,Písek,Čimelicích
Číměř,Jindřichův Hradec,Číměři
Čímice,Klatovy,Čímicích
Činěves,Nymburk,Činěvsi
Čisovice,Praha-západ,Čisovicích
Čistá,Mladá Boleslav,Čisté
Čistá u Horek,Semily,Čisté
Čistěves,Hradec Králové,Čistěvsi
Čižice,Plzeň-jih,Čižicích
Čížkov,Plzeň-jih,Čížkově
Čížkovice,Litoměřice,Čížkovicích
Čížkrajice,České Budějovice,Čížkrajicích
Čížov,Jihlava,Čížově
Čížová,Písek,Čížové
Čkyně,Prachatice,Čkyni
Člunek,Jindřichův Hradec,Člunku
Čmelíny,Plzeň-jih,Čmelínech
Čtveřín,Liberec,Čtveříně
Čtyřkoly,Benešov,Čtyřkolech
Čučice,Brno-venkov,Čučicích
Dačice,Jindřichův Hradec,Dačicích
Dalečín,Žďár nad Sázavou,Dalečíně
Daleké Dušníky,Příbram,Dalekých Dušníkách
Dalešice,Jablonec nad Nisou,Dalešicích
Dambořice,Hodonín,Dambořicích
Damnice,Znojmo,Damnicích
Damníkov,Ústí nad Orlicí,Damníkově
Daňkovice,Žďár nad Sázavou,Daňkovicích
Darkovice,Opava,Darkovicích
Daskabát,Olomouc,"Daskabátě,Daskabátu"
Dasnice,Sokolov,Dasnicích
Dasný,České Budějovice,Dasném
Dašice,Pardubice,Dašicích
Davle,Praha-západ,Davli
Deblín,Brno-venkov,Deblíně
Děčany,Litoměřice,Děčanech
Děčín,Děčín,"Děčíně,Děčínu"
Dědice,Třebíč,Dědicích
Dědová,Chrudim,Dědové
Dehtáře,Pelhřimov,Dehtářích
Děhylov,Opava,Děhylově
Děkanovice,Benešov,Děkanovicích
Děkov,Rakovník,Děkově
Děpoltovice,Karlovy Vary,Děpoltovicích
Desná,Jablonec nad Nisou,Desné
Dešenice,Klatovy,Dešenicích
Dešná,Zlín,Dešné
Dešov,Třebíč,Dešově
Deštná,Jindřichův Hradec,Deštné
Deštné v Orlických horách,Rychnov nad Kněžnou
Deštnice,Louny,Deštnici
Dětenice,Jičín,Dětenicích
Dětkovice,Prostějov,Dětkovicích
Dětmarovice,Karviná,Dětmarovicích
Dětřichov,Liberec,Dětřichově
Dětřichov nad Bystřicí,Bruntál,Dětřichově
Dětřichov u Moravské Třebové,Svitavy,Dětřichově
Dílce,Jičín,Dílcích
Díly,Domažlice,Dílech
Dírná,Tábor,Dírné
Diváky,Břeclav,"Divácích,Divákách"
Dívčí Hrad,Bruntál,"Dívčím Hradě,Dívčím Hradu"
Dívčí Kopy,Jindřichův Hradec,Dívčích Kopách
Dívčice,České Budějovice,Dívčicích
Divec,Hradec Králové,Divci
Divišov,Benešov,Divišově
Dlažkovice,Litoměřice,Dlažkovicích
Dlažov,Klatovy,Dlažově
Dlouhá Brtnice,Jihlava,Dlouhé Brtnici
Dlouhá Lhota,Tábor,Dlouhé Lhotě
Dlouhá Loučka,Olomouc,Dlouhé Loučce
Dlouhá Stráň,Bruntál,Dlouhé Stráni
Dlouhá Třebová,Ústí nad Orlicí,Dlouhé Třebové
Dlouhá Ves,Klatovy,Dlouhé Vsi
Dlouhé,Žďár nad Sázavou,Dlouhém
Dlouhomilov,Šumperk,Dlouhomilově
Dlouhoňovice,Ústí nad Orlicí,Dlouhoňovicích
Dlouhopolsko,Nymburk,Dlouhopolsku
Dlouhý Most,Liberec,Dlouhém Mostě
Dlouhý Újezd,Tachov,"Dlouhém Újezdě,Dlouhém Újezdu"
Dnešice,Plzeň-jih,Dnešicích
Dobelice,Znojmo,Dobelicích
Dobev,Písek,Dobevi
Dobkovice,Děčín,Dobkovicích
Dobrá,Frýdek-Místek,Dobré
Dobrá Voda,Pelhřimov,Dobré Vodě
Dobrá Voda u Českých Budějovic,České Budějovice,Dobré Vodě
Dobrá Voda u Hořic,Jičín,Dobré Vodě
Dobrá Voda u Pacova,Pelhřimov,Dobré Vodě
Dobratice,Frýdek-Místek,Dobraticích
Dobrčice,Přerov,Dobrčicích
Dobré,Rychnov nad Kněžnou,Dobrém
Dobré Pole,Břeclav,Dobrém Poli
Dobrkovice,Zlín,Dobrkovicích
Dobrná,Děčín,Dobrné
Dobročkovice,Vyškov,Dobročkovicích
Dobročovice,Praha-východ,Dobročovicích
Dobrohošť,Jindřichův Hradec,Dobrohošti
Dobrochov,Prostějov,Dobrochově
Dobroměřice,Louny,Dobroměřicích
Dobromilice,Prostějov,Dobromilicích
Dobronice u Bechyně,Tábor,Dobronicích
Dobronín,Jihlava,Dobroníně
Dobroslavice,Opava,Dobroslavicích
Dobroutov,Jihlava,Dobroutově
Dobrovice,Mladá Boleslav,Dobrovici
Dobrovítov,Kutná Hora,Dobrovítově
Dobrovíz,Praha-západ,Dobrovízi
Dobršín,Klatovy,Dobršíně
Dobruška,Rychnov nad Kněžnou,Dobrušce
Dobřany,Plzeň-jih,Dobřanech
Dobřejovice,Praha-východ,Dobřejovicích
Dobřeň,Mělník,Dobřeni
Dobřenice,Hradec Králové,Dobřenicích
Dobříč,Praha-západ,Dobříči
Dobřichov,Kolín,Dobřichově
Dobřichovice,Praha-západ,Dobřichovicích
Dobříkov,Ústí nad Orlicí,Dobříkově
Dobříň,Litoměřice,Dobříni
Dobřínsko,Znojmo,Dobřínsku
Dobříš,Příbram,Dobříši
Dobřív,Rokycany,Dobřívě
Dobšice,České Budějovice,Dobšicích
Dobšín,Mladá Boleslav,Dobšíně
Dohalice,Hradec Králové,Dohalicích
Doksany,Litoměřice,Doksanech
Doksy,Česká Lípa,"Doksech,Doksích"
Dolánky nad Ohří,Litoměřice,Dolánkách
Dolany,Kladno,Dolanech
Dolce,Plzeň-jih,Dolcích
Dolenice,Znojmo,Dolenicích
Dolní Bečva,Vsetín,Dolní Bečvě
Dolní Bělá,Plzeň-sever,Dolní Bělé
Dolní Benešov,Opava,Dolním Benešově
Dolní Beřkovice,Mělník,Dolních Beřkovicích
Dolní Bezděkov,Chrudim,Dolním Bezděkově
Dolní Bojanovice,Hodonín,Dolních Bojanovicích
Dolní Bousov,Mladá Boleslav,Dolním Bousově
Dolní Branná,Trutnov,Dolní Branné
Dolní Brusnice,Trutnov,Dolní Brusnici
Dolní Břežany,Praha-západ,Dolních Břežanech
Dolní Bukovsko,České Budějovice,Dolním Bukovsku
Dolní Cerekev,Jihlava,Dolní Cerekvi
Dolní Čermná,Ústí nad Orlicí,Dolní Čermné
Dolní Dobrouč,Ústí nad Orlicí,Dolní Dobrouči
Dolní Domaslavice,Frýdek-Místek,Dolních Domaslavicích
Dolní Dubňany,Znojmo,Dolních Dubňanech
Dolní Dunajovice,Břeclav,Dolních Dunajovicích
Dolní Dvořiště,Český Krumlov,Dolním Dvořišti
Dolní Dvůr,Trutnov,"Dolním Dvoře,Dolním Dvoru"
Dolní Habartice,Děčín,Dolních Habarticích
Dolní Hbity,Příbram,Dolních Hbitech
Dolní Heřmanice,Žďár nad Sázavou,Dolních Heřmanicích
Dolní Hořice,Tábor,Dolních Hořicích
Dolní Hradiště,Plzeň-sever,Dolním Hradišti
Dolní Hrachovice,Tábor,Dolních Hrachovicích
Dolní Chvatliny,Kolín,Dolních Chvatlinách
Dolní Kalná,Trutnov,Dolní Kalné
Dolní Kounice,Brno-venkov,Dolních Kounicích
Dolní Kralovice,Benešov,Dolních Kralovicích
Dolní Krupá,Mladá Boleslav,Dolní Krupé
Dolní Lánov,Trutnov,Dolním Lánově
Dolní Lažany,Třebíč,Dolních Lažanech
Dolní Lhota,Zlín,Dolní Lhotě
Dolní Libochová,Žďár nad Sázavou,Dolní Libochové
Dolní Lochov,Jičín,Dolním Lochově
Dolní Lomná,Frýdek-Místek,Dolní Lomné
Dolní Loučky,Brno-venkov,Dolních Loučkách
Dolní Lukavice,Plzeň-jih,Dolní Lukavici
Dolní Lutyně,Karviná,Dolní Lutyni
Dolní Město,Havlíčkův Brod,"Dolním Městě,Dolním Městu"
Dolní Morava,Ústí nad Orlicí,Dolní Moravě
Dolní Moravice,Bruntál,Dolní Moravici
Dolní Němčí,Uherské Hradiště,Dolním Němčí
Dolní Nětčice,Přerov,Dolních Nětčicích
Dolní Nivy,Sokolov,Dolních Nivách
Dolní Novosedly,Písek,"Dolních Novosedlech,Dolních Novosedlích"
Dolní Olešnice,Trutnov,Dolní Olešnici
Dolní Pěna,Jindřichův Hradec,Dolní Pěně
Dolní Podluží,Děčín,Dolním Podluží
Dolní Pohleď,Kutná Hora,Dolní Pohledi
Dolní Poustevna,Děčín,Dolní Poustevně
Dolní Přím,Hradec Králové,Dolním Přímu
Dolní Radechová,Náchod,Dolní Radechové
Dolní Roveň,Pardubice,Dolní Rovni
Dolní Rožínka,Žďár nad Sázavou,Dolní Rožínce
Dolní Rychnov,Sokolov,Dolním Rychnově
Dolní Řasnice,Liberec,Dolní Řasnici
Dolní Ředice,Pardubice,Dolních Ředicích
Dolní Slivno,Mladá Boleslav,"Dolním Slivně,Dolním Slivnu"
Dolní Sokolovec,Havlíčkův Brod,Dolním Sokolovci
Dolní Stakory,Mladá Boleslav,Dolních Stakorech
Dolní Studénky,Šumperk,Dolních Studénkách
Dolní Těšice,Přerov,Dolních Těšicích
Dolní Tošanovice,Frýdek-Místek,Dolních Tošanovicích
Dolní Třebonín,Český Krumlov,Dolním Třeboníně
Dolní Újezd,Přerov,"Dolním Újezdu,Dolním Újezdě"
Dolní Věstonice,Břeclav,Dolních Věstonicích
Dolní Vilémovice,Třebíč,Dolních Vilémovicích
Dolní Vilímeč,Jihlava,Dolní Vilímči
Dolní Zálezly,Ústí nad Labem,Dolních Zálezlech
Dolní Zimoř,Mělník,Dolní Zimoři
Dolní Žandov,Cheb,Dolním Žandově
Dolní Žďár,Jindřichův Hradec,"Dolním Žďáru,Dolním Žďáře"
Dolní Životice,Opava,Dolních Životicích
Doloplazy,Olomouc,Doloplazech
Domamil,Třebíč,Domamili
Domanín,Jindřichův Hradec,Domaníně
Dománovice,Kolín,Dománovicích
Domašín,Chomutov,Domašíně
Domašov,Brno-venkov,Domašově
Domašov nad Bystřicí,Olomouc,Domašově
Domašov u Šternberka,Olomouc,Domašově
Domaželice,Přerov,Domaželicích
Domažlice,Domažlice,Domažlicích
Domoraz,Klatovy,Domorazu
Domousnice,Mladá Boleslav,Domousnicích
Domoušice,Louny,Domoušicích
Doňov,Jindřichův Hradec,Doňově
Doubek,Praha-východ,Doubku
Doubice,Děčín,Doubici
Doubrava,Karviná,Doubravě
Doubravčice,Kolín,Doubravčicích
Doubravice,České Budějovice,Doubravici
Doubravice nad Svitavou,Blansko,Doubravici
Doubravička,Mladá Boleslav,Doubravičce
Doubravník,Brno-venkov,Doubravníku
Doubravy,Zlín,Doubravách
Doudleby,České Budějovice,"Doudlebech,Doudlebách,Doudlebích"
Doudleby nad Orlicí,Rychnov nad Kněžnou,"Doudlebech,Doudlebách,Doudlebích"
Doupě,Jihlava,Doupěti
Drahanovice,Olomouc,Drahanovicích
Drahany,Prostějov,Drahanech
Drahelčice,Praha-západ,Drahelčicích
Drahenice,Příbram,Drahenicích
Drahkov,Plzeň-jih,Drahkově
Drahlín,Příbram,Drahlíně
Drahňovice,Benešov,Drahňovicích
Drahobudice,Kolín,Drahobudicích
Drahobuz,Litoměřice,Drahobuzi
Drahonice,Strakonice,Drahonicích
Drahonín,Brno-venkov,Drahoníně
Drahoňův Újezd,Rokycany,"Drahoňově Újezdě,Drahoňově Újezdu"
Drahotěšice,České Budějovice,Drahotěšicích
Drahotín,Domažlice,Drahotíně
Drahouš,Rakovník,Drahouši
Drahov,Tábor,Drahově
Drachkov,Strakonice,Drachkově
Dráchov,Tábor,Dráchově
Drásov,Příbram,Drásově
Dražeň,Plzeň-sever,Dražni
Draženov,Domažlice,Draženově
Dražice,Tábor,Dražicích
Dražíč,České Budějovice,Dražíči
Dražičky,Tábor,Dražičkách
Drážov,Strakonice,Drážově
Dražovice,Klatovy,Dražovicích
Dražůvky,Hodonín,Dražůvkách
Drevníky,Příbram,Drevníkách
Drhovice,Tábor,Drhovicích
Drhovle,Písek,Drhovli
Drhovy,Příbram,Drhovech
Drmoul,Cheb,"Drmoulu,Drmoule"
Drnek,Kladno,Drnku
Drnholec,Břeclav,Drnholci
Drnovice,Zlín,Drnovicích
Drobovice,Kutná Hora,Drobovicích
Droužetice,Strakonice,Droužeticích
Droužkovice,Chomutov,Droužkovicích
Drozdov,Beroun,Drozdově
Drslavice,Uherské Hradiště,Drslavicích
Druhanov,Havlíčkův Brod,Druhanově
Drunče,Jindřichův Hradec,Drunči
Druztová,Plzeň-sever,Druztové
Družec,Kladno,Družci
Drysice,Vyškov,Drysicích
Držkov,Jablonec nad Nisou,Držkově
Držková,Zlín,Držkové
Držovice,Prostějov
Dřenice,Chrudim,Dřenicích
Dřešín,Strakonice,Dřešíně
Dřetovice,Kladno,Dřetovicích
Dřevčice,Praha-východ,Dřevčicích
Dřevěnice,Jičín,Dřevěnici
Dřevnovice,Prostějov,Dřevnovicích
Dřevohostice,Přerov,Dřevohosticích
Dřínov,Kroměříž,Dřínově
Dřísy,Praha-východ,Dřísech
Dříteč,Pardubice,Dřítči
Dříteň,České Budějovice,Dřítni
Dub,Prachatice,"Dubu,Dubě"
Dub nad Moravou,Olomouc,"Dubu,Dubě"
Dubá,Česká Lípa,Dubé
Dubany,Pardubice,Dubanech
Dubčany,Olomouc,Dubčanech
Dubenec,Příbram,Dubenci
Dubí,Teplice,Dubí
Dubicko,Šumperk,Dubicku
Dubičné,České Budějovice,Dubičném
Dublovice,Příbram,Dublovicích
Dubňany,Hodonín,Dubňanech
Dubné,České Budějovice,Dubném
Dubnice,Česká Lípa,Dubnici
Dubno,Příbram,"Dubně,Dubnu"
Dubovice,Pelhřimov,Dubovicích
Dudín,Jihlava,Dudíně
Duchcov,Teplice,Duchcově
Dukovany,Třebíč,Dukovanech
Důl,Pelhřimov,"Dole,Dolu"
Dunajovice,Jindřichův Hradec,Dunajovicích
Dunice,Benešov,Dunicích
Dušejov,Jihlava,Dušejově
Dušníky,Litoměřice,Dušníkách
Dvakačovice,Chrudim,Dvakačovicích
Dvorce,Bruntál,Dvorcích
Dvory,Prachatice,Dvorech
Dvory nad Lužnicí,Jindřichův Hradec,Dvorech
Dvůr Králové nad Labem,Trutnov
Dyjákovice,Znojmo,Dyjákovicích
Dyjákovičky,Znojmo,Dyjákovičkách
Dyje,Znojmo,Dyji
Dyjice,Jihlava,Dyjici
Dymokury,Nymburk,Dymokurech
Dynín,České Budějovice,Dyníně
Dýšina,Plzeň,Dýšině
Dzbel,Prostějov,Dzbelu
Džbánice,Znojmo,Džbánicích
Džbánov,Ústí nad Orlicí,Džbánově
Ejpovice,Rokycany,Ejpovicích
Erpužice,Tachov,Erpužicích
Eš,Pelhřimov,Eši
Evaň,Litoměřice,Evani
Felbabka,Beroun,Felbabce
Frahelž,Jindřichův Hradec,Frahelži
Francova Lhota,Vsetín,Francově Lhotě
Františkov nad Ploučnicí,Děčín,Františkově
Františkovy Lázně,Cheb,Františkových Lázních
Frenštát pod Radhoštěm,Nový Jičín,"Frenštátě,Frenštátu"
Fryčovice,Frýdek-Místek,Fryčovicích
Frýdek-Místek,Frýdek-Místek,Frýdku-Místku
Frýdlant,Liberec,"Frýdlantě,Frýdlantu"
Frýdlant nad Ostravicí,Frýdek-Místek,"Frýdlantě,Frýdlantu"
Frýdštejn,Jablonec nad Nisou,"Frýdštejně,Frýdštejnu"
Frymburk,Český Krumlov,"Frymburku,Frymburce"
Fryšava pod Žákovou horou,Žďár nad Sázavou,Fryšavě
Fryšták,Zlín,Fryštáku
Fulnek,Nový Jičín,Fulneku
Golčův Jeníkov,Havlíčkův Brod,Golčově Jeníkově
Grešlové Mýto,Znojmo,"Grešlovém Mýtě,Grešlovém Mýtu"
Gruna,Svitavy,Gruně
Grunta,Kolín,Gruntě
Grygov,Olomouc,Grygově
Grymov,Přerov,Grymově
Habartice,Liberec,Habarticích
Habartov,Sokolov,Habartově
Habrovany,Vyškov,Habrovanech
Habrůvka,Blansko,Habrůvce
Habry,Havlíčkův Brod,Habrech
Habří,České Budějovice,Habří
Habřina,Hradec Králové,Habřině
Hačky,Prostějov,Hačkách
Hadravova Rosička,Jindřichův Hradec,Hadravově Rosičce
Háj u Duchcova,Teplice,Háji
Háj ve Slezsku,Opava
Hajany,Strakonice,Hajanech
Bojanovice,Znojmo,Bojanovicích
Borek,Praha-východ,Borku
Borek,Havlíčkův Brod,Borku
Borek,Jičín,Borku
Borek,Pardubice,Borku
Borotice,Znojmo,Boroticích
Borotín,Blansko,Borotíně
Borová,Svitavy,Borové
Borovany,Písek,Borovanech
Borovnice,Benešov,Borovnici
Borovnice,Žďár nad Sázavou,Borovnici
Borovnice,Rychnov nad Kněžnou,Borovnici
Borovnice,Trutnov,Borovnici
Bořetice,Pelhřimov,Bořeticích
Bořetín,Pelhřimov,Bořetíně
Bratčice,Brno-venkov,Bratčicích
Bratronice,Kladno,Bratronicích
Brloh,Pardubice,"Brloze,Brlohu"
Brodec,Louny,Brodci
Brodek u Konice,Prostějov,
Broumov,Náchod,Broumově
Brumovice,Břeclav,Brumovicích
Březí,Praha-východ,Březí
Březí,Břeclav,Březí
Březí,Žďár nad Sázavou,Březí
Březina,Mladá Boleslav,Březině
Březina,Rokycany,Březině
Březina,Brno-venkov,Březině
Březina,Vyškov,Březině
Březina,Jičín,Březině
Březina,Svitavy,Březině
Březnice,Tábor,Březnici
Březnice,Příbram,Březnici
Březno,Chomutov,Březně
Březová,Uherské Hradiště,Březové
Březová,Karlovy Vary,Březové
Březová,Sokolov,Březové
Březová,Beroun,Březové
Březová,Opava,Březové
Břežany,Klatovy,Břežanech
Břežany,Znojmo,Břežanech
Budeč,Žďár nad Sázavou,Budči
Budětsko,Prostějov,Budětsku
Budislav,Svitavy,Budislavi
Budíškovice,Jindřichův Hradec,Budíškovicích
Budišov,Třebíč,Budišově
Budkov,Třebíč,Budkově
Buk,Přerov,Buku
Buková,Prostějov,Bukové
Bukovany,Benešov,Bukovanech
Bukovany,Příbram,Bukovanech
Bukovany,Olomouc,Bukovanech
Bukovany,Hodonín,Bukovanech
Bukovec,Domažlice,Bukovci
Bukovice,Náchod,Bukovici
Bystré,Svitavy,Bystrém
Bystřice,Frýdek-Místek,Bystřici
Bystřice,Jičín,Bystřici
Církvice,Kolín,"Církvici,Církvicích"
Citonice,Znojmo,Citonicích
Citov,Přerov,Citově
Ctiboř,Tachov,Ctiboři
Cvrčovice,Brno-venkov,Cvrčovicích
Čakov,Benešov,Čakově
Částkov,Tachov,Částkově
Čejkovice,Kutná Hora,Čejkovicích
Čejkovice,Hodonín,Čejkovicích
Čejkovice,Znojmo,Čejkovicích
Čermná,Trutnov,Čermné
Černčice,Náchod,Černčicích
Černíkovice,Rychnov nad Kněžnou,Černíkovicích
Černovice,Blansko,Černovicích
Černovice,Chomutov,Černovicích
Černovice,Pelhřimov,Černovicích
Červený Újezd,Praha-západ,"Červeném Újezdě, Červeném Újezdu"
Čestice,Rychnov nad Kněžnou,Česticích
Číměř,Třebíč,Číměři
Čistá,Rakovník,Čisté
Čistá,Svitavy,Čisté
Čížkov,Pelhřimov,Čížkově
Dalešice,Třebíč,Dalešicích
Dalovice,Karlovy Vary,Dalovicích
Dalovice,Mladá Boleslav,Dalovicích
Desná,Svitavy,Desné
Dešná,Jindřichův Hradec,Dešné
Deštná,Blansko,Deštné
Dětkovice,Vyškov,Dětkovicích
Dětřichov,Svitavy,Dětřichově
Dlouhá Lhota,Příbram,Dlouhé Lhotě
Dlouhá Lhota,Mladá Boleslav,Dlouhé Lhotě
Dlouhá Lhota,Blansko,Dlouhé Lhotě
Dlouhá Loučka,Svitavy,Dlouhé Loučce
Dlouhá Ves,Havlíčkův Brod,Dlouhé Vsi
Dobrá Voda,Žďár nad Sázavou,Dobré Vodě
Dobřany,Rychnov nad Kněžnou,Dobřanech
Dobříč,Plzeň-sever,Dobříči
Dobšice,Nymburk,Dobšicích
Dobšice,Znojmo,Dobšicích
Doksy,Kladno,"Doksech, Doksích"
Dolany,Mělník,Dolanech
Dolany,Klatovy,Dolanech
Dolany,Plzeň-sever,Dolanech
Dolany,Olomouc,Dolanech
Dolany,Náchod,Dolanech
Dolany,Pardubice,Dolanech
Dolní Krupá,Havlíčkův Brod,Dolní Krupé
Dolní Lhota,Ostrava,Dolní Lhotě
Dolní Újezd,Svitavy,"Dolním Újezdu, Dolním Újezdě"
Doloplazy,Prostějov,Doloplazech
Domanín,Hodonín,Domaníně
Doubravice,Strakonice,Doubravici
Doubravice,Trutnov,Doubravici
Drásov,Brno-venkov,Drásově
Dražovice,Vyškov,Dražovicích
Drnovice,Blansko,Drnovicích
Drnovice,Vyškov,Drnovicích
Drozdov,Šumperk,Drozdově
Drslavice,Prachatice,Drslavicích
Dřínov,Kladno,Dřínově
Dřínov,Mělník,Dřínově
Dubenec,Trutnov,Dubenci
Dvorce,Jihlava,Dvorcích
Dvory,Nymburk,Dvorech
Frymburk,Klatovy,"Frymburku, Frymburce"
Habrovany,Ústí nad Labem,Habrovanech
Hajany,Brno-venkov,Hajanech
Háje,Příbram,Hájích
Háje nad Jizerou,Semily,Hájích
Hájek,Karlovy Vary,Hájku
Hájek,Strakonice,Hájku
Hajnice,Trutnov,Hajnici
Halámky,Jindřichův Hradec,Halámkách
Halenkov,Vsetín,Halenkově
Halenkovice,Zlín,Halenkovicích
Haluzice,Zlín,Haluzicích
Halže,Tachov,Halži
Hamr,Jindřichův Hradec,Hamru
Hamr na Jezeře,Česká Lípa,"hamru,4,hamrech"
Hamry,Klatovy,Hamrech
Hamry,Chrudim,Hamrech
Hanušovice,Šumperk,Hanušovicích
Harrachov,Semily,
Hartinkov,Svitavy,Hartinkově
Hartmanice,České Budějovice,Hartmanicích
Hartmanice,Klatovy,Hartmanicích
Hartmanice,Svitavy,Hartmanicích
Hartvíkovice,Třebíč,Hartvíkovicích
Haškovcova Lhota,Tábor,Haškovcově Lhotě
Hať,Opava,Hati
Hatín,Jindřichův Hradec,Hatíně
Havířov,Karviná,Havířově
Havlíčkova Borová,Havlíčkův Brod,Havlíčkově Borové
Havlíčkův Brod,Havlíčkův Brod,"Havlíčkově Brodě, Havlíčkově Brodu"
Havlovice,Trutnov,Havlovicích
Havraň,Most,Havrani
Havraníky,Znojmo,Havraníkách
Hazlov,Cheb,Hazlově
Hejná,Klatovy,Hejné
Hejnice,Liberec,Hejnicích
Hejnice,Ústí nad Orlicí,Hejnicích
Hejtmánkovice,Náchod,Hejtmánkovicích
Helvíkovice,Ústí nad Orlicí,Helvíkovicích
Herálec,Havlíčkův Brod,Herálci
Herálec,Žďár nad Sázavou,Herálci
Heraltice,Třebíč,Heralticích
Herink,Praha-východ,Herinku
Heroltice,Brno-venkov,Herolticích
Heršpice,Vyškov,Heršpicích
Heřmaň,Písek,Heřmani
Heřmaň,České Budějovice,Heřmani
Heřmaneč,Jindřichův Hradec,Heřmanči
Heřmanice,Liberec,Heřmanicích
Heřmanice,Havlíčkův Brod,Heřmanicích
Heřmanice,Náchod,Heřmanicích
Heřmanice u Oder,Nový Jičín,Heřmanicích
Heřmaničky,Benešov,Heřmaničkách
Heřmánkovice,Náchod,Heřmánkovicích
Heřmánky,Nový Jičín,Heřmánkách
Heřmanov,Děčín,Heřmanově
Heřmanov,Žďár nad Sázavou,Heřmanově
Heřmanova Huť,Plzeň-sever,Heřmanově Huti
Heřmanovice,Bruntál,Heřmanovicích
Heřmanův Městec,Chrudim,Heřmanově Městci
Hevlín,Znojmo,Hevlíně
Hladké Životice,Nový Jičín,Hladkých Životicích
Hladov,Jihlava,Hladově
Hlasivo,Tábor,Hlasivu
Hlásná Třebaň,Beroun,Hlásné Třebani
Hlásnice,Olomouc,Hlásnici
Hlavatce,České Budějovice,Hlavatcích
Hlavatce,Tábor,Hlavatcích
Hlavečník,Pardubice,Hlavečníku
Hlavenec,Praha-východ,Hlavenci
Hlavice,Liberec,Hlavici
Hlavnice,Opava,Hlavnici
Hlavňovice,Klatovy,Hlavňovicích
Hlína,Brno-venkov,Hlíně
Hlince,Plzeň-sever,Hlincích
Hlincová Hora,České Budějovice,Hlincové Hoře
Hlinka,Bruntál,Hlince
Hlinná,Litoměřice,Hlinné
Hlinsko,Přerov,Hlinsku
Hlinsko,Chrudim,Hlinsku
Hlízov,Kutná Hora,Hlízově
Hlohová,Domažlice,Hlohové
Hlohovčice,Domažlice,Hlohovčicích
Hlohovec,Břeclav,Hlohovci
Hlohovice,Rokycany,Hlohovicích
Hlubočany,Vyškov,Hlubočanech
Hlubočec,Opava,Hlubočci
Hlubočky,Olomouc,Hlubočkách
Hluboká,Chrudim,Hluboké
Hluboká nad Vltavou,České Budějovice,
Hluboké Mašůvky,Znojmo,Hlubokých Mašůvkách
Hluboš,Příbram,Hluboši
Hlubyně,Příbram,Hlubyni
Hlučín,Opava,Hlučíně
Hluchov,Prostějov,Hluchově
Hluk,Uherské Hradiště,Hluku
Hlupín,Strakonice,Hlupíně
Hlušice,Hradec Králové,Hlušicích
Hlušovice,Olomouc,Hlušovicích
Hnačov,Klatovy,Hnačově
Hnanice,Znojmo,Hnanicích
Hnátnice,Ústí nad Orlicí,Hnátnici
Hněvčeves,Hradec Králové,Hněvčevsi
Hněvkovice,Havlíčkův Brod,Hněvkovicích
Hněvnice,Plzeň-sever,Hněvnicích
Hněvošice,Opava,Hněvošicích
Hněvotín,Olomouc,Hněvotíně
Hnojice,Olomouc,Hnojicích
Hnojník,Frýdek-Místek,Hnojníku
Hobšovice,Kladno,Hobšovicích
Hodějice,Vyškov,Hodějicích
Hodětín,Tábor,Hodětíně
Hodice,Jihlava,Hodicích
Hodíškov,Žďár nad Sázavou,Hodíškově
Hodkovice nad Mohelkou,Liberec,
Hodonice,Tábor,Hodonicích
Hodonice,Znojmo,Hodonicích
Hodonín,Blansko,Hodoníně
Hodonín,Hodonín,Hodoníně
Hodonín,Chrudim,Hodoníně
Hodov,Třebíč,Hodově
Hodslavice,Nový Jičín,
Hojanovice,Pelhřimov,Hojanovicích
Hojkov,Jihlava,Hojkově
Hojovice,Pelhřimov,Hojovicích
Holany,Česká Lípa,Holanech
Holasice,Brno-venkov,Holasicích
Holasovice,Opava,Holasovicích
Holčovice,Bruntál,Holčovicích
Holedeč,Louny,Holedči
Holenice,Semily,Holenicích
Holešov,Kroměříž,Holešově
Holetín,Chrudim,Holetíně
Holice,Pardubice,Holicích
Holín,Jičín,Holíně
Holohlavy,Hradec Králové,Holohlavách
Holotín,Pardubice,Holotíně
Holoubkov,Rokycany,Holoubkově
Holovousy,Plzeň-sever,"Holovousích, Holovousech"
Holovousy,Jičín,"Holovousích, Holovousech"
Holštejn,Blansko,Holštejně
Holubice,Praha-západ,Holubicích
Holubice,Vyškov,Holubicích
Holubov,Český Krumlov,Holubově
Holýšov,Domažlice,Holýšově
Homole,České Budějovice,Homoli
Homole u Panny,Ústí nad Labem,Homoli
Honbice,Chrudim,Honbicích
Honětice,Kroměříž,Honěticích
Honezovice,Plzeň-jih,Honezovicích
Hora Svaté Kateřiny,Most,Hoře Svaté Kateřiny
Hora Svatého Šebestiána,Chomutov,Hoře Svatého Šebestiána
Hora Svatého Václava,Domažlice,Hoře Svatého Václava
Horažďovice,Klatovy,Horažďovicích
Horčápsko,Příbram,Horčápsku
Horka,Chrudim,Horce
Horka I,Kutná Hora,Horce
Horka II,Kutná Hora,Horce
Horka nad Moravou,Olomouc,Horce
Horka u Staré Paky,Semily,Horkách
Horky,Kutná Hora,Horkách
Horky,Svitavy,Horkách
Horky nad Jizerou,Mladá Boleslav,Horkách
Horní Bečva,Vsetín,Horní Bečvě
Horní Bělá,Plzeň-sever,Horní Bělé
Horní Benešov,Bruntál,Horním Benešově
Horní Beřkovice,Litoměřice,Horních Beřkovicích
Horní Bezděkov,Kladno,Horním Bezděkově
Horní Blatná,Karlovy Vary,Horní Blatné
Horní Bludovice,Karviná,Horních Bludovicích
Horní Bojanovice,Břeclav,Horních Bojanovicích
Horní Bradlo,Chrudim,Horním Bradle
Horní Branná,Semily,Horní Branné
Horní Brusnice,Trutnov,Horní Brusnici
Horní Břečkov,Znojmo,Horním Břečkově
Horní Bříza,Plzeň-sever,Horní Bříze
Horní Bukovina,Mladá Boleslav,Horní Bukovině
Horní Cerekev,Pelhřimov,Horní Cerekvi
Horní Čermná,Ústí nad Orlicí,Horní Čermné
Horní Domaslavice,Frýdek-Místek,Horních Domaslavicích
Horní Dunajovice,Znojmo,Horních Dunajovicích
Horní Dvořiště,Český Krumlov,Horním Dvořišti
Horní Habartice,Děčín,Horních Habarticích
Horní Heřmanice,Třebíč,Horních Heřmanicích
Horní Heřmanice,Ústí nad Orlicí,Horních Heřmanicích
Horní Jelení,Pardubice,Horním Jelení
Horní Jiřetín,Most,Horním Jiřetíně
Horní Kalná,Trutnov,Horní Kalné
Horní Kamenice,Domažlice,Horní Kamenici
Horní Kněžeklady,České Budějovice,Horních Kněžekladech
Horní Kounice,Znojmo,Horních Kounicích
Horní Kozolupy,Tachov,Horních Kozolupech
Horní Krupá,Havlíčkův Brod,Horní Krupé
Horní Kruty,Kolín,Horních Krutech
Horní Lapač,Kroměříž,Horním Lapači
Horní Lhota,Zlín,Horní Lhotě
Horní Lhota,Ostrava,Horní Lhotě
Horní Libchava,Česká Lípa,Horní Libchavě
Horní Libochová,Žďár nad Sázavou,Horní Libochové
Horní Lideč,Vsetín,Horní Lidči
Horní Loděnice,Olomouc,Horní Loděnici
Horní Lomná,Frýdek-Místek,Horní Lomné
Horní Loučky,Brno-venkov,Horních Loučkách
Horní Lukavice,Plzeň-jih,Horní Lukavici
Horní Maršov,Trutnov,Horním Maršově
Horní Město,Bruntál,"Horním Městě, Horním Městu"
Horní Meziříčko,Jindřichův Hradec,Horním Meziříčku
Horní Moštěnice,Přerov,Horní Moštěnici
Horní Myslová,Jihlava,Horní Myslové
Horní Němčí,Uherské Hradiště,Horním Němčí
Horní Němčice,Jindřichův Hradec,Horních Němčicích
Horní Nětčice,Přerov,Horních Nětčicích
Horní Olešnice,Trutnov,Horní Olešnici
Horní Paseka,Havlíčkův Brod,Horní Pasece
Horní Pěna,Jindřichův Hradec,Horní Pěně
Horní Planá,Český Krumlov,Horní Plané
Horní Počaply,Mělník,"Horních Počaplech, Horních Počaplích"
Horní Podluží,Děčín,Horním Podluží
Horní Police,Česká Lípa,Horní Polici
Horní Poříčí,Strakonice,Horním Poříčí
Horní Poříčí,Blansko,Horním Poříčí
Horní Radechová,Náchod,Horní Radechové
Horní Radouň,Jindřichův Hradec,Horní Radouni
Horní Radslavice,Žďár nad Sázavou,Horních Radslavicích
Horní Rápotice,Pelhřimov,Horních Rápoticích
Horní Rožínka,Žďár nad Sázavou,Horní Rožínce
Horní Řasnice,Liberec,Horní Řasnici
Horní Ředice,Pardubice,Horních Ředicích
Horní Řepčice,Litoměřice,Horních Řepčicích
Horní Skrýchov,Jindřichův Hradec,Horním Skrýchově
Horní Slatina,Jindřichův Hradec,Horní Slatině
Horní Slavkov,Sokolov,Horním Slavkově
Horní Slivno,Mladá Boleslav,"Horním Slivnu, Horním Slivně"
Horní Smrčné,Třebíč,Horním Smrčném
Horní Smržov,Blansko,Horním Smržově
Horní Stropnice,České Budějovice,Horní Stropnici
Horní Studénky,Šumperk,Horních Studénkách
Horní Suchá,Karviná,Horní Suché
Horní Štěpánov,Prostějov,Horním Štěpánově
Horní Těšice,Přerov,Horních Těšicích
Horní Tošanovice,Frýdek-Místek,Horních Tošanovicích
Horní Třešňovec,Ústí nad Orlicí,Horním Třešňovci
Horní Újezd,Přerov,"Horním Újezdě, Horním Újezdu"
Horní Újezd,Třebíč,"Horním Újezdě, Horním Újezdu"
Horní Újezd,Svitavy,"Horním Újezdě, Horním Újezdu"
Horní Ves,Pelhřimov,Horní Vsi
Horní Věstonice,Břeclav,Horních Věstonicích
Horní Vilémovice,Třebíč,Horních Vilémovicích
Horní Vltavice,Prachatice,Horní Vltavici
Horní Životice,Bruntál,Horních Životicích
Hornice,Třebíč,Hornicích
Hornosín,Strakonice,Hornosíně
Horoměřice,Praha-západ,Horoměřicích
Horosedly,Písek,"Horosedlech, Horosedlích"
Horoušany,Praha-východ,Horoušanech
Horská Kvilda,Klatovy,Horské Kvildě
Horšice,Plzeň-jih,Horšicích
Horšovský Týn,Domažlice,"Horšovském Týně, Horšovském Týnu"
Horušice,Kutná Hora,Horušicích
Hory,Karlovy Vary,Horách
Hořany,Nymburk,Hořanech
Hořátev,Nymburk,Hořátvi
Hořenice,Náchod,Hořenicích
Hořepník,Pelhřimov,"Hořepníku, Hořepníce"
Hořesedly,Rakovník,"Hořesedlech, Hořesedlích"
Hořešovice,Kladno,Hořešovicích
Hořešovičky,Kladno,Hořešovičkách
Hořice,Pelhřimov,Hořicích
Hořice,Jičín,Hořicích
Hořice na Šumavě,Český Krumlov,Hořicích
Hořičky,Náchod,Hořičkách
Hořín,Mělník,Hoříně
Hořiněves,Hradec Králové,Hořiněvsi
Hořovice,Beroun,Hořovicích
Hořovičky,Rakovník,Hořovičkách
Hosín,České Budějovice,Hosíně
Hoslovice,Strakonice,Hoslovicích
Hospozín,Kladno,Hospozíně
Hospříz,Jindřichův Hradec,Hospřízi
Hostašovice,Nový Jičín,Hostašovicích
Hostějov,Uherské Hradiště,Hostějově
Hostěnice,Brno-venkov,Hostěnicích
Hostěradice,Znojmo,Hostěradicích
Hostěrádky-Rešov,Vyškov,Hostěrádkách-Rešově
Hostětice,Jihlava,Hostěticích
Hostětín,Uherské Hradiště,Hostětíně
Hostim,Znojmo,Hostimi
Hostín,Mělník,Hostíně
Hostín u Vojkovic,Mělník,Hostíně
Hostinné,Trutnov,Hostinném
Hostišová,Zlín,Hostišové
Hostivice,Praha-západ,"Hostivici,Hostivicích"
Hostomice,Beroun,Hostomicích
Hostomice,Teplice,Hostomicích
Hostouň,Kladno,Hostouni
Hostouň,Domažlice,Hostouni
Hostovlice,Kutná Hora,Hostovlicích
Hosty,České Budějovice,Hostech
Hošťálková,Vsetín,Hošťálkové
Hošťálkovy,Bruntál,Hošťálkovech
Hošťalovice,Chrudim,Hošťalovicích
Hoštejn,Šumperk,"Hoštejně, Hoštejnu"
Hoštice,Kroměříž,Hošticích
Hoštice,Strakonice,Hošticích
Hoštice-Heroltice,Vyškov,Hošticích-Herolticích
Hoštka,Litoměřice,Hoštce
Hošťka,Tachov,Hošťce
Hovězí,Vsetín,Hovězím
Hovorany,Hodonín,Hovoranech
Hovorčovice,Praha-východ,Hovorčovicích
Hraběšice,Šumperk,Hraběšicích
Hraběšín,Kutná Hora,Hraběšíně
Hrabětice,Znojmo,Hraběticích
Hrabišín,Šumperk,Hrabišíně
Hrabová,Šumperk,Hrabové
Hrabůvka,Přerov,Hrabůvce
Hrabyně,Opava,Hrabyni
Hradce,České Budějovice,Hradcích
Hradčany,Nymburk,Hradčanech
Hradčany,Přerov,Hradčanech
Hradčany,Brno-venkov,Hradčanech
Hradčany-Kobeřice,Prostějov,Hradčanech-Kobeřicích
Hradčovice,Uherské Hradiště,Hradčovicích
Hradec,Plzeň-jih,Hradci
Hradec,Havlíčkův Brod,Hradci
Hradec Králové,Hradec Králové,Hradci Králové
Hradec nad Moravicí,Opava,Hradci
Hradec nad Svitavou,Svitavy,Hradci
Hradec-Nová Ves,Jeseník,Hradci-Nové Vsi
Hradečno,Kladno,"Hradečně, Hradečnu"
Hrádek,Frýdek-Místek,Hrádku
Hrádek,Klatovy,Hrádku
Hrádek,Rokycany,Hrádku
Hrádek,Znojmo,Hrádku
Hrádek,Hradec Králové,Hrádku
Hrádek,Ústí nad Orlicí,Hrádku
Hrádek nad Nisou,Liberec,Hrádku
Hradešice,Klatovy,Hradešicích
Hradešín,Kolín,Hradešíně
Hradiště,Karlovy Vary,Hradišti
Hradiště,Benešov,Hradišti
Hradiště,Rokycany,Hradišti
Hradiště,Plzeň-jih,Hradišti
Hradiště,Domažlice,Hradišti
Hradištko,Nymburk,Hradištku
Hradištko,Praha-západ,Hradištku
Hracholusky,Prachatice,Hracholuskách
Hracholusky,Rakovník,Hracholuskách
Hrachoviště,Jindřichův Hradec,Hrachovišti
Hranice,Cheb,Hranicích
Hranice,České Budějovice,Hranicích
Hranice,Přerov,Hranicích
Hraničné Petrovice,Olomouc,Hraničných Petrovicích
Hrazany,Písek,Hrazanech
Hrčava,Frýdek-Místek,Hrčavě
Hrdějovice,České Budějovice,Hrdějovicích
Hrdibořice,Prostějov,Hrdibořicích
Hrdlív,Kladno,"Hrdlívě, Hrdlívu"
Hrdlořezy,Mladá Boleslav,"Hrdlořezech, Hrdlořezích"
Hrejkovice,Písek,Hrejkovicích
Hrob,Teplice,"Hrobu, Hrobě"
Hrobce,Litoměřice,Hrobcích
Hrobčice,Teplice,Hrobčicích
Hrobice,Zlín,Hrobicích
Hrobice,Pardubice,Hrobicích
Hrochův Týnec,Chrudim,Hrochově Týnci
Hromnice,Plzeň-sever,Hromnicích
Hronov,Náchod,Hronově
Hrotovice,Třebíč,Hrotovicích
Hroubovice,Chrudim,Hroubovicích
Hroznatín,Třebíč,Hroznatíně
Hroznětín,Karlovy Vary,Hroznětíně
Hroznová Lhota,Hodonín,Hroznové Lhotě
Hrubá Skála,Semily,Hrubé Skále
Hrubá Vrbka,Hodonín,Hrubé Vrbce
Hrubčice,Prostějov,Hrubčicích
Hruška,Prostějov,Hrušce
Hrušky,Břeclav,Hruškách
Hrušky,Vyškov,Hruškách
Hrušov,Mladá Boleslav,Hrušově
Hrušová,Ústí nad Orlicí,Hrušové
Hrušovany,Chomutov,Hrušovanech
Hrušovany nad Jevišovkou,Znojmo,Hrušovanech
Hrušovany u Brna,Brno-venkov,Hrušovanech
Hrutov,Jihlava,Hrutově
Hřebeč,Kladno,Hřebči
Hřebečníky,Rakovník,Hřebečníkách
Hředle,Beroun,Hředlích
Hředle,Rakovník,Hředlích
Hřensko,Děčín,Hřensku
Hřibiny-Ledská,Rychnov nad Kněžnou,Hřibinách-Ledské
Hřibojedy,Trutnov,Hřibojedech
Hřiměždice,Příbram,Hřiměždicích
Hříšice,Jindřichův Hradec,Hříšici
Hříškov,Louny,Hříškově
Hřivice,Louny,Hřivicích
Hřivínův Újezd,Zlín,"Hřivínově Újezdě, Hřivínově Újezdu"
Hubenov,Jihlava,Hubenově
Hudčice,Příbram,Hudčicích
Hudlice,Beroun,Hudlicích
Hukvaldy,Frýdek-Místek,Hukvaldech
Hulice,Benešov,Hulicích
Hulín,Kroměříž,Hulíně
Humburky,Hradec Králové,Humburkách
Humpolec,Pelhřimov,Humpolci
Huntířov,Děčín,Huntířově
Hůrky,Rokycany,Hůrkách
Hurtova Lhota,Havlíčkův Brod,Hurtově Lhotě
Hůry,České Budějovice,Hůrách
Husí Lhota,Mladá Boleslav,Husí Lhotě
Husinec,Prachatice,Husinci
Husinec,Praha-východ,Husinci
Huslenky,Vsetín,Huslenkách
Hustopeče,Břeclav,Hustopečích
Hustopeče nad Bečvou,Přerov,Hustopečích
Huštěnovice,Uherské Hradiště,Huštěnovicích
Hutisko-Solanec,Vsetín,Hutisku-Solanci
Huzová,Olomouc,Huzové
Hvězdlice,Vyškov,Hvězdlicích
Hvězdonice,Benešov,Hvězdonicích
Hvězdoňovice,Třebíč,Hvězdoňovicích
Hvozd,Rakovník,"Hvozdu, Hvozdě"
Hvozd,Plzeň-sever,"Hvozdu, Hvozdě"
Hvozd,Prostějov,"Hvozdu, Hvozdě"
Hvozdec,České Budějovice,Hvozdci
Hvozdec,Beroun,Hvozdci
Hvozdec,Brno-venkov,Hvozdci
Hvozdná,Zlín,Hvozdné
Hvozdnice,Praha-západ,Hvozdnicích
Hvozdnice,Hradec Králové,Hvozdnicích
Hvožďany,Příbram,Hvožďanech
Hvožďany,Domažlice,Hvožďanech
Hybrálec,Jihlava,Hybrálci
Hynčice,Náchod,Hynčicích
Hynčina,Šumperk,Hynčině
Hýskov,Beroun,Hýskově
Hýsly,Hodonín,"Hýslech, Hýslích"
Chabařovice,Ústí nad Labem,Chabařovicích
Chabeřice,Kutná Hora,Chabeřicích
Chaloupky,Beroun,Chaloupkách
Chanovice,Klatovy,Chanovicích
Charvatce,Mladá Boleslav,Charvatcích
Charváty,Olomouc,Charvátech
Chářovice,Benešov,Chářovicích
Chbany,Chomutov,Chbanech
Cheb,Cheb,Chebu
Chelčice,Strakonice,Chelčicích
Cheznovice,Rokycany,Cheznovicích
Chlebičov,Opava,Chlebičově
Chleby,Benešov,Chlebech
Chleby,Nymburk,Chlebech
Chleny,Rychnov nad Kněžnou,Chlenech
Chlistov,Klatovy,Chlistově
Chlístov,Benešov,Chlístově
Chlístov,Třebíč,Chlístově
Chlístov,Rychnov nad Kněžnou,Chlístově
Chlístovice,Kutná Hora,Chlístovicích
Chlum,Strakonice,Chlumu
Chlum,Česká Lípa,Chlumu
Chlum,Benešov,Chlumu
Chlum,Rokycany,Chlumu
Chlum,Plzeň-jih,Chlumu
Chlum,Třebíč,Chlumu
Chlum Svaté Maří,Sokolov,Chlumu Svaté Maří
Chlum u Třeboně,Jindřichův Hradec,Chlumu
Chlumany,Prachatice,Chlumanech
Chlumčany,Plzeň-jih,Chlumčanech
Chlumčany,Louny,Chlumčanech
Chlumec,Český Krumlov,Chlumci
Chlumec,Ústí nad Labem,Chlumci
Chlumec nad Cidlinou,Hradec Králové,Chlumci
Chlumek,Žďár nad Sázavou,Chlumku
Chlumětín,Žďár nad Sázavou,Chlumětíně
Chlumín,Mělník,Chlumíně
Chlum-Korouhvice,Žďár nad Sázavou,Chlumu-Korouhvici
Chlumy,Plzeň-jih,Chlumech
Chlustina,Beroun,Chlustině
Chmelík,Svitavy,Chmelíku
Chmelná,Benešov,Chmelné
Chobot,Strakonice,"Chobotě, Chobotu"
Choceň,Ústí nad Orlicí,Chocni
Chocenice,Plzeň-jih,Chocenicích
Chocerady,Benešov,
Chocnějovice,Mladá Boleslav,Chocnějovicích
Chocomyšl,Domažlice,Chocomyšli
Chodouň,Beroun,Chodouni
Chodouny,Litoměřice,Chodounech
Chodov,Sokolov,Chodově
Chodov,Karlovy Vary,Chodově
Chodov,Domažlice,Chodově
Chodová Planá,Tachov,Chodové Plané
Chodovlice,Litoměřice,Chodovlicích
Chodská Lhota,Domažlice,Chodské Lhotě
Chodský Újezd,Tachov,"Chodském Újezdu, Chodském Újezdě"
Cholenice,Jičín,Cholenicích
Cholina,Olomouc,Cholině
Choltice,Pardubice,Cholticích
Chomle,Rokycany,Chomli
Chomutice,Jičín,Chomuticích
Chomutov,Chomutov,Chomutově
Chomýž,Kroměříž,Chomýži
Choratice,Benešov,Choraticích
Chornice,Svitavy,Chornicích
Chorušice,Mělník,Chorušicích
Choryně,Vsetín,Choryni
Choťánky,Nymburk,Choťánkách
Chotěboř,Havlíčkův Brod,Chotěboři
Chotěbudice,Třebíč,Chotěbudicích
Chotěbuz,Karviná,Chotěbuzi
Choteč,Praha-západ,Chotči
Choteč,Jičín,Chotči
Choteč,Pardubice,Chotči
Chotěmice,Tábor,Chotěmicích
Chotěnov,Svitavy,Chotěnově
Chotěšice,Nymburk,Chotěšicích
Chotěšov,Plzeň-jih,Chotěšově
Chotěšov,Litoměřice,Chotěšově
Chotětov,Mladá Boleslav,Chotětově
Chotěvice,Trutnov,Chotěvicích
Chotíkov,Plzeň-sever,Chotíkově
Chotilsko,Příbram,Chotilsku
Chotiměř,Litoměřice,Chotiměři
Chotiněves,Litoměřice,Chotiněvsi
Chotovice,Česká Lípa,Chotovicích
Chotovice,Svitavy,Chotovicích
Choťovice,Kolín,Choťovicích
Chotoviny,Tábor,Chotovinách
Chotusice,Kutná Hora,Chotusicích
Chotutice,Kolín,Chotuticích
Chotýčany,České Budějovice,Chotýčanech
Chotyně,Liberec,Chotyni
Chotýšany,Benešov,Chotýšanech
Choustník,Tábor,Choustníku
Choustníkovo Hradiště,Trutnov,Choustníkově Hradišti
Chožov,Louny,Chožově
Chraberce,Louny,Chrabercích
Chrast,Chrudim,Chrasti
Chrást,Nymburk,Chrástu
Chrást,Příbram,Chrástu
Chrást,Plzeň,Chrástu
Chrastava,Liberec,Chrastavě
Chrastavec,Svitavy,Chrastavci
Chrastavice,Domažlice,Chrastavicích
Chrášťany,České Budějovice,Chrášťanech
Chrášťany,Benešov,Chrášťanech
Chrášťany,Kolín,Chrášťanech
Chrášťany,Praha-západ,Chrášťanech
Chrášťany,Rakovník,Chrášťanech
Chraštice,Příbram,Chrašticích
Chrášťovice,Strakonice,Chrášťovicích
Chrbonín,Tábor,Chrboníně
Chroboly,Prachatice,Chrobolech
Chromeč,Šumperk,Chromči
Chropyně,Kroměříž,Chropyni
Chroustov,Nymburk,Chroustově
Chroustovice,Chrudim,Chroustovicích
Chrtníč,Havlíčkův Brod,Chrtníči
Chrtníky,Pardubice,Chrtníkách
Chrudichromy,Blansko,Chrudichromech
Chrudim,Chrudim,Chrudimi
Chrustenice,Beroun,Chrustenicích
Chržín,Kladno,Chržíně
Chřenovice,Havlíčkův Brod,Chřenovicích
Chřibská,Děčín,Chřibské
Chříč,Plzeň-sever,Chříči
Chudčice,Brno-venkov,Chudčicích
Chudenice,Klatovy,Chudenicích
Chudenín,Klatovy,Chudeníně
Chuderov,Ústí nad Labem,Chuderově
Chudeřice,Hradec Králové,Chudeřicích
Chudíř,Mladá Boleslav,Chudíři
Chudoslavice,Litoměřice,Chudoslavicích
Chuchelna,Semily,Chuchelně
Chuchelná,Opava,Chuchelné
Chvalatice,Znojmo,Chvalaticích
Chvalčov,Kroměříž,Chvalčově
Chvaleč,Trutnov,Chvalči
Chválenice,Plzeň,Chválenicích
Chvaletice,Pardubice,Chvaleticích
Chvalíkovice,Opava,Chvalíkovicích
Chvalkovice,Vyškov,Chvalkovicích
Chvalkovice,Náchod,Chvalkovicích
Chvalnov-Lísky,Kroměříž,Chvalnově-Lískách
Chvalovice,Prachatice,Chvalovicích
Chvalovice,Znojmo,Chvalovicích
Chvalšiny,Český Krumlov,Chvalšinách
Chvatěruby,Mělník,Chvatěrubech
Chvojenec,Pardubice,Chvojenci
Chyjice,Jičín,Chyjicích
Chyňava,Beroun,Chyňavě
Chýně,Praha-západ,Chýni
Chýnice,Praha-západ,Chýnicích
Chýnov,Tábor,Chýnově
Chýstovice,Pelhřimov,Chýstovicích
Chyše,Karlovy Vary,Chyši
Chyšky,Písek,Chyškách
Chyšná,Pelhřimov,Chyšné
Chýšť,Pardubice,Chýšti
Ivaň,Prostějov,Ivani
Ivaň,Brno-venkov,Ivani
Ivančice,Brno-venkov,Ivančicích
Ivanovice na Hané,Vyškov,
Jabkenice,Mladá Boleslav,Jabkenicích
Jabloňany,Blansko,Jabloňanech
Jablonec nad Jizerou,Semily,Jablonci
Jablonec nad Nisou,Jablonec nad Nisou,
Jablonná,Příbram,Jablonné
Jablonné nad Orlicí,Ústí nad Orlicí,Jablonném
Jablonné v Podještědí,Liberec,Jablonném
Jabloňov,Žďár nad Sázavou,Jabloňově
Jablůnka,Vsetín,Jablůnce
Jablunkov,Frýdek-Místek,Jablunkově
Jahodov,Rychnov nad Kněžnou,Jahodově
Jáchymov,Karlovy Vary,Jáchymově
Jakartovice,Opava,Jakartovicích
Jakubčovice nad Odrou,Nový Jičín,Jakubčovicích
Jakubov u Moravských Budějovic,Třebíč,Jakubově
Jakubovice,Šumperk,Jakubovicích
Jalubí,Uherské Hradiště,Jalubí
Jamné,Jihlava,Jamném
Jamné nad Orlicí,Ústí nad Orlicí,Jamném
Jamolice,Znojmo,Jamolicích
Jámy,Žďár nad Sázavou,Jámách
Jankov,České Budějovice,Jankově
Jankov,Benešov,Jankově
Jankov,Pelhřimov,Jankově
Jankovice,Kroměříž,Jankovicích
Jankovice,Uherské Hradiště,Jankovicích
Jankovice,Pardubice,Jankovicích
Janoušov,Šumperk,Janoušově
Janov,Rakovník,Janově
Janov,Bruntál,Janově
Janov,Děčín,Janově
Janov,Rychnov nad Kněžnou,Janově
Janov,Svitavy,Janově
Janov nad Nisou,Jablonec nad Nisou,Janově
Janová,Vsetín,Janové
Janovice,Frýdek-Místek,Janovicích
Janovice nad Úhlavou,Klatovy,Janovicích
Janovice v Podještědí,Liberec,Janovicích
Janská,Děčín,Janské
Janské Lázně,Trutnov,Janských Lázních
Janův Důl,Liberec,"Janově Dole, Janově Dolu"
Janůvky,Svitavy,Janůvkách
Jarcová,Vsetín,Jarcové
Jarohněvice,Kroměříž,Jarohněvicích
Jaroměř,Náchod,Jaroměři
Jaroměřice,Svitavy,Jaroměřicích
Jaroměřice nad Rokytnou,Třebíč,Jaroměřicích
Jaroslav,Pardubice,Jaroslavi
Jaroslavice,Znojmo,Jaroslavicích
Jarošov,Svitavy,Jarošově
Jarošov nad Nežárkou,Jindřichův Hradec,Jarošově
Jarov,Plzeň-sever,Jarově
Jarov,Plzeň-jih,Jarově
Jarpice,Kladno,Jarpicích
Jasenice,Třebíč,Jasenici
Jasenná,Zlín,Jasenné
Jasenná,Náchod,Jasenné
Javor,Klatovy,Javoru
Javorek,Žďár nad Sázavou,Javorku
Javornice,Rychnov nad Kněžnou,Javornici
Javorník,Benešov,"Javorníku, Javorníce"
Javorník,Jeseník,"Javorníku, Javorníce"
Javorník,Hodonín,"Javorníku, Javorníce"
Javorník,Svitavy,"Javorníku, Javorníce"
Javorník,Ústí nad Orlicí,"Javorníku, Javorníce"
Javůrek,Brno-venkov,Javůrku
Jedlá,Havlíčkův Brod,Jedlé
Jedlany,Tábor,Jedlanech
Jedlí,Šumperk,Jedlí
Jedlová,Svitavy,Jedlové
Jedomělice,Kladno,Jedomělicích
Jedousov,Pardubice,Jedousově
Jedovnice,Blansko,Jedovnicích
Jehnědí,Ústí nad Orlicí,Jehnědí
Jemnice,Třebíč,Jemnici
Jemníky,Kladno,Jemníkách
Jenčice,Litoměřice,Jenčicích
Jeneč,Praha-západ,Jenči
Jeníkov,Teplice,Jeníkově
Jeníkov,Chrudim,Jeníkově
Jeníkovice,Hradec Králové,Jeníkovicích
Jeníkovice,Pardubice,Jeníkovicích
Jenišov,Karlovy Vary,Jenišově
Jenišovice,Jablonec nad Nisou,Jenišovicích
Jenišovice,Chrudim,Jenišovicích
Jenštejn,Praha-východ,Jenštejně
Jersín,Jihlava,Jersíně
Jeřice,Jičín,Jeřicích
Jeřišno,Havlíčkův Brod,Jeřišně
Jeřmanice,Liberec,Jeřmanicích
Jesenec,Prostějov,Jesenci
Jesenice,Praha-západ,Jesenici
Jesenice,Příbram,Jesenici
Jesenice,Rakovník,Jesenici
Jeseník,Jeseník,Jeseníku
Jeseník nad Odrou,Nový Jičín,Jeseníku
Jesenný,Semily,Jesenném
Jestřabí,Zlín,"Jestřabí, Jestřabím"
Jestřabí Lhota,Kolín,Jestřabí Lhotě
Jestřabí v Krkonoších,Semily,"Jestřabí, Jestřabím"
Jestřebí,Česká Lípa,"Jestřebí, Jestřebím"
Jestřebí,Šumperk,"Jestřebí, Jestřebím"
Jestřebí,Náchod,"Jestřebí, Jestřebím"
Ješetice,Benešov,Ješeticích
Jetětice,Písek,Jetěticích
Jetřichov,Náchod,Jetřichově
Jetřichovice,Děčín,Jetřichovicích
Jevany,Praha-východ,Jevanech
Jevíčko,Svitavy,Jevíčku
Jeviněves,Mělník,Jeviněvsi
Jevišovice,Znojmo,Jevišovicích
Jevišovka,Břeclav,Jevišovce
Jezbořice,Pardubice,Jezbořicích
Jezdkovice,Opava,Jezdkovicích
Jezdovice,Jihlava,Jezdovicích
Jezernice,Přerov,Jezernici
Jezeřany-Maršovice,Znojmo,Jezeřanech-Maršovicích
Ježená,Jihlava,Ježené
Ježkovice,Vyškov,Ježkovicích
Ježov,Hodonín,Ježově
Ježov,Pelhřimov,Ježově
Ježovy,Klatovy,Ježovech
Jickovice,Písek,Jickovicích
Jičín,Jičín,Jičíně
Jičíněves,Jičín,Jičíněvsi
Jihlava,Jihlava,Jihlavě
Jihlávka,Jihlava,Jihlávce
Jíkev,Nymburk,Jíkvi
Jilem,Jindřichův Hradec,Jilmu
Jilem,Havlíčkův Brod,Jilmu
Jilemnice,Semily,Jilemnici
Jílové,Děčín,Jílovém
Jílové u Držkova,Jablonec nad Nisou,Jílovém
Jílové u Prahy,Praha-západ,Jílovém
Jílovice,České Budějovice,Jílovici
Jílovice,Hradec Králové,Jílovici
Jíloviště,Praha-západ,Jílovišti
Jimlín,Louny,Jimlíně
Jimramov,Žďár nad Sázavou,Jimramově
Jinačovice,Brno-venkov,Jinačovicích
Jince,Příbram,Jincích
Jindřichov,Bruntál,Jindřichově
Jindřichov,Přerov,Jindřichově
Jindřichov,Šumperk,Jindřichově
Jindřichovice,Sokolov,Jindřichovicích
Jindřichovice,Jihlava,Jindřichovicích
Jindřichovice pod Smrkem,Liberec,Jindřichovicích
Jindřichův Hradec,Jindřichův Hradec,Jindřichově Hradci
Jinín,Strakonice,Jiníně
Jinočany,Praha-západ,Jinočanech
Jinolice,Jičín,"Jinolici,Jinolicích"
Jinošov,Třebíč,Jinošově
Jiratice,Třebíč,Jiraticích
Jirkov,Chomutov,Jirkově
Jirny,Praha-východ,Jirnech
Jiřetín pod Bukovou,Jablonec nad Nisou,Jiřetíně
Jiřetín pod Jedlovou,Děčín,Jiřetíně
Jiřice,Nymburk,Jiřicích
Jiřice,Pelhřimov,Jiřicích
Jiřice u Miroslavi,Znojmo,Jiřicích
Jiřice u Moravských Budějovic,Znojmo,Jiřicích
Jiříkov,Bruntál,
Jiříkov,Děčín,
Jiříkovice,Brno-venkov,Jiříkovicích
Jistebnice,Tábor,Jistebnici
Jistebník,Nový Jičín,Jistebníku
Jitkov,Havlíčkův Brod,Jitkově
Jivina,Beroun,Jivině
Jivina,Mladá Boleslav,Jivině
Jívka,Trutnov,Jívce
Jivno,České Budějovice,Jivně
Jívová,Olomouc,Jívové
Jívoví,Žďár nad Sázavou,Jívoví
Jizbice,Nymburk,"Jizbici,Jizbicích"
Jizerní Vtelno,Mladá Boleslav,Jizerním Vtelně
Josefov,Sokolov,Josefově
Josefov,Hodonín,Josefově
Josefův Důl,Jablonec nad Nisou,"Josefově Dole, Josefově Dolu"
Josefův Důl,Mladá Boleslav,"Josefově Dole, Josefově Dolu"
Kacákova Lhota,Jičín,Kacákově Lhotě
Kacanovy,Semily,Kacanovech
Kaceřov,Sokolov,Kaceřově
Kaceřov,Plzeň-sever,Kaceřově
Hamry nad Sázavou,Žďár nad Sázavou,Hamrech
Haňovice,Olomouc,Haňovicích
Hluboké,Třebíč,Hlubokém
Hluboké Dvory,Brno-venkov,Hlubokých Dvorech
Horní Dubenky,Jihlava,Horních Dubenkách
Horní Dubňany,Znojmo,Horních Dubňanech
Hrubý Jeseník,Nymburk,Hrubém Jeseníku
Hrusice,Praha-východ,Hrusicích
Kácov,Kutná Hora,Kácově
Kačice,Kladno,Kačici
Kačlehy,Jindřichův Hradec,Kačlehách
Kadaň,Chomutov,Kadani
Kadlín,Mělník,Kadlíně
Kadolec,Žďár nad Sázavou,Kadolci
Kadov,Strakonice,Kadově
Kadov,Znojmo,Kadově
Kadov,Žďár nad Sázavou,Kadově
Kájov,Český Krumlov,Kájově
Kakejcov,Rokycany,Kakejcově
Kalek,Chomutov,Kalku
Kalenice,Strakonice,Kalenicích
Kalhov,Jihlava,Kalhově
Kaliště,Jihlava,"Kališti,Kalištích"
Kalivody,Rakovník,Kalivodách
Kaly,Brno-venkov,Kalech
Kamberk,Benešov,Kamberku
Kámen,Děčín,"Kameni, Kamenu"
Kámen,Pelhřimov,"Kameni, Kamenu"
Kámen,Havlíčkův Brod,"Kameni, Kamenu"
Kamenec,Rokycany,Kamenci
Kamenec u Poličky,Svitavy,Kamenci
Kamenice,Praha-východ,Kamenici
Kamenice,Jihlava,Kamenici
Kamenice nad Lipou,Pelhřimov,Kamenici
Kamenický Šenov,Česká Lípa,Kamenickém Šenově
Kameničky,Chrudim,Kameničkách
Kameničná,Ústí nad Orlicí,Kameničné
Kamenná,České Budějovice,Kamenné
Kamenná,Šumperk,Kamenné
Kamenná,Jihlava,Kamenné
Kamenná,Třebíč,Kamenné
Kamenná Horka,Svitavy,Kamenné Horce
Kamenná Lhota,Havlíčkův Brod,Kamenné Lhotě
Kamenné Zboží,Nymburk,Kamenném Zboží
Kamenné Žehrovice,Kladno,Kamenných Žehrovicích
Kamenný Malíkov,Jindřichův Hradec,Kamenném Malíkově
Kamenný Most,Kladno,"Kamenném Mostě, Kamenném Mostu"
Kamenný Přívoz,Praha-západ,"Kamenném Přívoze, Kamenném Přívozu"
Kamenný Újezd,České Budějovice,"Kamenném Újezdě, Kamenném Újezdu"
Kamenný Újezd,Rokycany,"Kamenném Újezdě, Kamenném Újezdu"
Kamýk,Litoměřice,
Kamýk nad Vltavou,Příbram,Kamýku
Kanice,Domažlice,Kanicích
Kanice,Brno-venkov,Kanicích
Kaničky,Domažlice,Kaničkách
Kanina,Mělník,Kanině
Kaňovice,Zlín,Kaňovicích
Kaňovice,Frýdek-Místek,Kaňovicích
Kaplice,Český Krumlov,Kaplici
Káranice,Hradec Králové,Káranicích
Káraný,Praha-východ,Káraném
Kardašova Řečice,Jindřichův Hradec,Kardašově Řečici
Karle,Svitavy,Karli
Karlík,Praha-západ,Karlíku
Karlín,Hodonín,Karlíně
Karlov,Žďár nad Sázavou,Karlově
Karlova Studánka,Bruntál,Karlově Studánce
Karlova Ves,Rakovník,Karlově Vsi
Karlovice,Zlín,Karlovicích
Karlovice,Semily,Karlovicích
Karlovice,Bruntál,Karlovicích
Karlovy Vary,Karlovy Vary,Karlových Varech
Karlštejn,Beroun,Karlštejně
Karolín,Kroměříž,Karolíně
Karolinka,Vsetín,Karolince
Karviná,Karviná,Karviné
Kařez,Rokycany,"Kařezu, Kařeze"
Kařízek,Rokycany,Kařízku
Kasalice,Pardubice,Kasalicích
Kasejovice,Plzeň-jih,Kasejovicích
Kašava,Zlín,Kašavě
Kašnice,Břeclav,Kašnici
Kašperské Hory,Klatovy,Kašperských Horách
Kateřinice,Vsetín,Kateřinicích
Kateřinice,Nový Jičín,Kateřinicích
Katov,Tábor,Katově
Katov,Brno-venkov,Katově
Katovice,Strakonice,Katovicích
Katusice,Mladá Boleslav,Katusicích
Kaznějov,Plzeň-sever,Kaznějově
Kbel,Kolín,Kbelu
Kbel,Plzeň-jih,Kbelu
Kbelany,Plzeň-sever,Kbelanech
Kbelnice,Jičín,Kbelnici
Kdousov,Třebíč,Kdousově
Kdyně,Domažlice,Kdyni
Keblice,Litoměřice,Keblicích
Kejžlice,Pelhřimov,Kejžlici
Kelč,Vsetín,Kelči
Kelčany,Hodonín,Kelčanech
Kelníky,Zlín,Kelníkách
Kestřany,Písek,Kestřanech
Ketkovice,Brno-venkov,Ketkovicích
Klabava,Rokycany,Klabavě
Kladeruby,Vsetín,Kladerubech
Kladeruby nad Oslavou,Třebíč,Kladerubech
Kladky,Prostějov,Kladkách
Kladníky,Přerov,Kladníkách
Kladno,Kladno,Kladně
Kladno,Chrudim,Kladně
Kladruby,Strakonice,Kladrubech
Kladruby,Benešov,Kladrubech
Kladruby,Rokycany,Kladrubech
Kladruby,Tachov,Kladrubech
Kladruby,Teplice,Kladrubech
Kladruby nad Labem,Pardubice,Kladrubech
Klamoš,Hradec Králové,Klamoši
Klapý,Litoměřice,Klapém
Klášter,Plzeň-jih,"Klášteře, Klášteru"
Klášter Hradiště nad Jizerou,Mladá Boleslav,"Klášteře Hradišti, Klášteru Hradišti"
Klášterec nad Ohří,Chomutov,Klášterci
Klášterec nad Orlicí,Ústí nad Orlicí,Klášterci
Klášterní Skalice,Kolín,Klášterní Skalici
Klášterská Lhota,Trutnov,Klášterské Lhotě
Klatovec,Jihlava,Klatovci
Klatovy,Klatovy,Klatovech
Klec,Jindřichův Hradec,Kleci
Klecany,Praha-východ,Klecanech
Klenčí pod Čerchovem,Domažlice,
Kleneč,Litoměřice,Klenči
Klenová,Klatovy,Klenové
Klenovice,Tábor,Klenovicích
Klenovice na Hané,Prostějov,Klenovicích
Klentnice,Břeclav,Klentnici
Klešice,Chrudim,Klešicích
Klíčany,Praha-východ,Klíčanech
Klimkovice,Ostrava,Klimkovicích
Klínec,Praha-západ,Klínci
Klíny,Most,Klínech
Klobouky u Brna,Břeclav,"Kloboucích, Kloboukách"
Klobuky,Kladno,Klobukách
Klokočí,Semily,Klokočí
Klokočí,Přerov,Klokočí
Klokočná,Praha-východ,Klokočné
Klokočov,Havlíčkův Brod,Klokočově
Klopina,Šumperk,Klopině
Klopotovice,Prostějov,Klopotovicích
Klučenice,Příbram,Klučenicích
Klučov,Kolín,Klučově
Klučov,Třebíč,Klučově
Kluky,Písek,Klukách
Kluky,Kutná Hora,Klukách
Kluky,Mladá Boleslav,Klukách
Kly,Mělník,"Klech, Klích"
Kmetiněves,Kladno,Kmetiněvsi
Kněždub,Hodonín,"Kněždubu, Kněždubě"
Kněževes,Praha-západ,Kněževsi
Kněževes,Rakovník,Kněževsi
Kněževes,Blansko,Kněževsi
Kněževes,Žďár nad Sázavou,Kněževsi
Kněžice,Nymburk,Kněžicích
Kněžice,Jihlava,Kněžicích
Kněžice,Chrudim,Kněžicích
Kněžičky,Nymburk,Kněžičkách
Kněžmost,Mladá Boleslav,"Kněžmostě, Kněžmostu"
Kněžnice,Jičín,Kněžnicích
Kněžpole,Uherské Hradiště,Kněžpoli
Knínice,Jihlava,Knínicích
Knínice u Boskovic,Blansko,
Kňovice,Příbram,Kňovicích
Knovíz,Kladno,Knovízi
Knyk,Havlíčkův Brod,Knyku
Koberovice,Pelhřimov,Koberovicích
Koberovy,Jablonec nad Nisou,Koberovech
Kobeřice,Opava,Kobeřicích
Kobeřice u Brna,Vyškov,Kobeřicích
Kobylá nad Vidnavkou,Jeseník,Kobylé
Kobylí,Břeclav,"Kobylí, Kobylím"
Kobylice,Hradec Králové,Kobylici
Kobylnice,Kutná Hora,Kobylnicích
Kobylnice,Mladá Boleslav,Kobylnicích
Kobylnice,Brno-venkov,Kobylnicích
Kobyly,Liberec,Kobylách
Kocbeře,Trutnov,Kocbeřích
Kocelovice,Strakonice,Kocelovicích
Koclířov,Svitavy,Koclířově
Kočí,Chrudim,"Kočí, Kočím"
Kočín,Plzeň-sever,Kočíně
Kočov,Tachov,Kočově
Kohoutov,Trutnov,Kohoutově
Kochánky,Mladá Boleslav,Kochánkách
Kochánov,Havlíčkův Brod,Kochánově
Kojatice,Třebíč,Kojaticích
Kojetice,Třebíč,Kojeticích
Kojetín,Přerov,Kojetíně
Kojetín,Havlíčkův Brod,Kojetíně
Kojice,Pardubice,Kojicích
Kokašice,Tachov,Kokašicích
Kokory,Přerov,Kokorech
Kokořín,Mělník,Kokoříně
Kolaje,Nymburk,Kolajích
Koldín,Ústí nad Orlicí,Koldíně
Koleč,Kladno,Kolči
Kolešov,Rakovník,Kolešově
Kolešovice,Rakovník,Kolešovicích
Kolín,Kolín,Kolíně
Kolinec,Klatovy,Kolinci
Kolomuty,Mladá Boleslav,Kolomutech
Kolová,Karlovy Vary,Kolové
Koloveč,Domažlice,Kolovči
Kolšov,Šumperk,Kolšově
Komárno,Kroměříž,"Komárně, Komárnu"
Komárov,Zlín,Komárově
Komárov,Tábor,Komárově
Komárov,Beroun,Komárově
Komárov,Olomouc,Komárově
Komárovice,Třebíč,Komárovicích
Komařice,České Budějovice,Komařicích
Komňa,Uherské Hradiště,"Komně, Komni"
Komorní Lhotka,Frýdek-Místek,Komorní Lhotce
Komorovice,Pelhřimov,Komorovicích
Komořany,Vyškov,Komořanech
Konárovice,Kolín,Konárovicích
Kondrac,Benešov,Kondraci
Konecchlumí,Jičín,Konecchlumí
Koněprusy,Beroun,Koněprusech
Koněšín,Třebíč,Koněšíně
Konětopy,Praha-východ,Konětopech
Konice,Prostějov,Konici
Konojedy,Praha-východ,Konojedech
Konstantinovy Lázně,Tachov,Konstantinových Lázních
Kopidlno,Jičín,Kopidlně
Kopidlo,Plzeň-sever,Kopidle
Kopřivná,Šumperk,Kopřivné
Kopřivnice,Nový Jičín,Kopřivnici
Korkyně,Příbram,Korkyni
Kornatice,Rokycany,Kornaticích
Korno,Beroun,Korně
Korolupy,Znojmo,Korolupech
Korouhev,Svitavy,Korouhvi
Koroužné,Žďár nad Sázavou,Koroužném
Korozluky,Most,"Korozlukách, Korozlucích"
Koruna,Svitavy,Koruně
Koryčany,Kroměříž,Koryčanech
Koryta,Mladá Boleslav,Korytech
Koryta,Plzeň-sever,Korytech
Korytná,Uherské Hradiště,Korytné
Kořenec,Blansko,Kořenci
Kořenice,Kolín,Kořenicích
Kořenov,Jablonec nad Nisou,Kořenově
Kosice,Hradec Králové,Kosicích
Kosičky,Hradec Králové,Kosičkách
Kosmonosy,Mladá Boleslav,"Kosmonosech, Kosmonosích"
Kosoř,Praha-západ,Kosoři
Kosořice,Mladá Boleslav,Kosořicích
Kosořín,Ústí nad Orlicí,Kosoříně
Kosov,Šumperk,Kosově
Kosova Hora,Příbram,Kosově Hoře
Kostelany,Kroměříž,Kostelanech
Kostelany nad Moravou,Uherské Hradiště,Kostelanech
Kostelec,Tachov,Kostelci
Kostelec,Hodonín,Kostelci
Kostelec,Jihlava,Kostelci
Kostelec,Jičín,Kostelci
Kostelec na Hané,Prostějov,Kostelci
Kostelec nad Černými Lesy,Praha-východ,
Kostelec nad Labem,Mělník,Kostelci
Kostelec nad Orlicí,Rychnov nad Kněžnou,Kostelci
Kostelec nad Vltavou,Písek,Kostelci
Kostelec u Heřmanova Městce,Chrudim,Kostelci
Kostelec u Holešova,Kroměříž,Kostelci
Kostelec u Křížků,Praha-východ,Kostelci
Kostelecké Horky,Rychnov nad Kněžnou,Kosteleckých Horkách
Kostelní Hlavno,Praha-východ,Kostelním Hlavně
Kostelní Lhota,Nymburk,Kostelní Lhotě
Kostelní Myslová,Jihlava,Kostelní Myslové
Kostelní Radouň,Jindřichův Hradec,Kostelní Radouni
Kostelní Vydří,Jindřichův Hradec,Kostelním Vydří
Kostěnice,Pardubice,Kostěnicích
Kostice,Břeclav,Kosticích
Kostníky,Třebíč,Kostníkách
Kostomlátky,Nymburk,Kostomlátkách
Kostomlaty nad Labem,Nymburk,Kostomlatech
Kostomlaty pod Milešovkou,Teplice,Kostomlatech
Kostomlaty pod Řípem,Litoměřice,Kostomlatech
Košařiska,Frýdek-Místek,Košařiskách
Košátky,Mladá Boleslav,Košátkách
Košetice,Pelhřimov,Košeticích
Košice,Tábor,Košicích
Košice,Kutná Hora,Košicích
Košík,Nymburk,Košíku
Košíky,Uherské Hradiště,Košíkách
Košín,Tábor,Košíně
Košťálov,Semily,Košťálově
Košťany,Teplice,Košťanech
Koštice,Louny,Košticích
Kotenčice,Příbram,Kotenčicích
Kotlasy,Žďár nad Sázavou,"Kotlasech, Kotlasích"
Kotopeky,Beroun,Kotopekách
Kotovice,Plzeň-jih,Kotovicích
Kotvrdovice,Blansko,Kotvrdovicích
Kounice,Nymburk,Kounicích
Kounov,Rakovník,Kounově
Kounov,Rychnov nad Kněžnou,Kounově
Koupě,Příbram,Koupi
Kouřim,Kolín,Kouřimi
Kout na Šumavě,Domažlice,"Koutě, Koutu"
Kouty,Nymburk,Koutech
Kouty,Havlíčkův Brod,Koutech
Kouty,Třebíč,Koutech
Kovač,Jičín,Kovači
Kovalovice,Brno-venkov,Kovalovicích
Koválovice-Osíčany,Prostějov,Koválovicích-Osíčanech
Kováň,Mladá Boleslav,Kováni
Kovanec,Mladá Boleslav,Kovanci
Kovanice,Nymburk,Kovanicích
Kovářov,Písek,Kovářově
Kovářská,Chomutov,Kovářské
Kovčín,Klatovy,Kovčíně
Kozárov,Blansko,Kozárově
Kozárovice,Příbram,Kozárovicích
Kozlany,Vyškov,Kozlanech
Kozlany,Třebíč,Kozlanech
Kozlov,Havlíčkův Brod,Kozlově
Kozlov,Jihlava,Kozlově
Kozlov,Žďár nad Sázavou,Kozlově
Kozlovice,Frýdek-Místek,Kozlovicích
Kozlovice,Plzeň-jih,Kozlovicích
Kozly,Česká Lípa,"Kozlech, Kozlích"
Kozly,Louny,"Kozlech, Kozlích"
Kozmice,Benešov,Kozmicích
Kozmice,Opava,Kozmicích
Kozojedy,Praha-východ,Kozojedech
Kozojedy,Rakovník,Kozojedech
Kozojedy,Plzeň-sever,Kozojedech
Kozojedy,Jičín,Kozojedech
Kozojídky,Hodonín,Kozojídkách
Kozolupy,Plzeň-sever,Kozolupech
Kozomín,Mělník,Kozomíně
Kožichovice,Třebíč,Kožichovicích
Kožlany,Plzeň-sever,Kožlanech
Kožlí,Písek,Kožlí
Kožlí,Havlíčkův Brod,Kožlí
Kožušany-Tážaly,Olomouc,Kožušanech-Tážalech
Kožušice,Vyškov,Kožušicích
Krabčice,Litoměřice,Krabčicích
Kraborovice,Havlíčkův Brod,Kraborovicích
Krahulčí,Jihlava,"Krahulčí, Krahulčím"
Krahulov,Třebíč,Krahulově
Krajková,Sokolov,Krajkové
Krajníčko,Strakonice,Krajníčku
Krakov,Rakovník,Krakově
Krakovany,Kolín,Krakovanech
Krakovec,Rakovník,Krakovci
Kralice na Hané,Prostějov,Kralicích
Kralice nad Oslavou,Třebíč,Kralicích
Králíky,Hradec Králové,Králíkách
Králíky,Ústí nad Orlicí,Králíkách
Králova Lhota,Písek,Králově Lhotě
Králova Lhota,Rychnov nad Kněžnou,Králově Lhotě
Královec,Trutnov,Královci
Kralovice,Plzeň-sever,Kralovicích
Královice,Kladno,Královicích
Královské Poříčí,Sokolov,Královském Poříčí
Kralupy nad Vltavou,Mělník,Kralupech
Králův Dvůr,Beroun,"Králově Dvoře, Králově Dvoru"
Kramolín,Plzeň-jih,Kramolíně
Kramolín,Třebíč,Kramolíně
Kramolna,Náchod,Kramolně
Kraselov,Strakonice,Kraselově
Krásensko,Vyškov,Krásensku
Krasíkov,Ústí nad Orlicí,Krasíkově
Krasíkovice,Pelhřimov,Krasíkovicích
Kraslice,Sokolov,Kraslicích
Krásná,Cheb,Krásné
Krásná,Frýdek-Místek,Krásné
Krásná Hora,Havlíčkův Brod,Krásné Hoře
Krásná Hora nad Vltavou,Příbram,Krásné Hoře
Krásná Lípa,Děčín,Krásné Lípě
Krásná Ves,Mladá Boleslav,Krásné Vsi
Krásné,Žďár nad Sázavou,Krásném
Krásné,Chrudim,Krásném
Krásné Údolí,Karlovy Vary,Krásném Údolí
Krásněves,Žďár nad Sázavou,Krásněvsi
Krásno,Sokolov,Krásnu
Krásný Les,Liberec,Krásném Lese
Krasonice,Jihlava,Krasonicích
Krasov,Bruntál,Krasově
Krasová,Blansko,Krasové
Krašlovice,Strakonice,Krašlovicích
Krašovice,Plzeň-sever,Krašovicích
Krátká Ves,Havlíčkův Brod,Krátké Vsi
Kratochvilka,Brno-venkov,Kratochvilce
Kratonohy,Hradec Králové,Kratonohách
Krátošice,Tábor,Krátošicích
Kratušín,Prachatice,Kratušíně
Kravaře,Česká Lípa,Kravařích
Kravaře,Opava,Kravařích
Kravsko,Znojmo,Kravsku
Krčmaň,Olomouc,Krčmani
Krejnice,Strakonice,Krejnicích
Krhanice,Benešov,Krhanicích
Krhov,Blansko,Krhově
Krhov,Třebíč,Krhově
Krhová,Vsetín,Krhové
Krhovice,Znojmo,Krhovicích
Krchleby,Kutná Hora,Krchlebech
Krchleby,Nymburk,Krchlebech
Krchleby,Šumperk,Krchlebech
Krchleby,Rychnov nad Kněžnou,Krchlebech
Krmelín,Frýdek-Místek,Krmelíně
Krňany,Benešov,Krňanech
Krnov,Bruntál,Krnově
Krnsko,Mladá Boleslav,Krnsku
Krokočín,Třebíč,Krokočíně
Kroměříž,Kroměříž,Kroměříži
Krompach,Česká Lípa,Krompachu
Kropáčova Vrutice,Mladá Boleslav,Kropáčově Vrutici
Kroučová,Rakovník,Kroučové
Krouna,Chrudim,Krouně
Krsy,Plzeň-sever,Krsech
Krtov,Tábor,Krtově
Krty,Rakovník,Krtech
Krty-Hradec,Strakonice,Krtech-Hradci
Krucemburk,Havlíčkův Brod,Krucemburku
Kruh,Semily,Kruhu
Krumsín,Prostějov,Krumsíně
Krumvíř,Břeclav,Krumvíři
Krupá,Kolín,Krupé
Krupá,Rakovník,Krupé
Krupka,Teplice,Krupce
Krušovice,Rakovník,Krušovicích
Kružberk,Opava,Kružberku
Krychnov,Kolín,Krychnově
Kryry,Louny,Kryrech
Kryštofovo Údolí,Liberec,Kryštofově Údolí
Kryštofovy Hamry,Chomutov,Kryštofových Hamrech
Křeč,Pelhřimov,Křeči
Křečhoř,Kolín,Křečhoři
Křečkov,Nymburk,Křečkově
Křečovice,Benešov,Křečovicích
Křekov,Zlín,Křekově
Křelov-Břuchotín,Olomouc,Křelově-Břuchotíně
Křelovice,Plzeň-sever,Křelovicích
Křelovice,Pelhřimov,Křelovicích
Křemže,Český Krumlov,Křemži
Křenek,Praha-východ,Křenku
Křenice,Praha-východ,Křenicích
Křenice,Klatovy,Křenicích
Křenov,Svitavy,Křenově
Křenovice,Písek,Křenovicích
Křenovice,Přerov,Křenovicích
Křenovice,Vyškov,Křenovicích
Křenovy,Domažlice,Křenovech
Křepenice,Příbram,Křepenicích
Křepice,Břeclav,Křepicích
Křepice,Znojmo,Křepicích
Křesetice,Kutná Hora,Křeseticích
Křesín,Litoměřice,Křesíně
Křešice,Litoměřice,Křešicích
Křešín,Příbram,Křešíně
Křešín,Pelhřimov,Křešíně
Křetín,Blansko,Křetíně
Křičeň,Pardubice,"Křičeni, Křični"
Křídla,Žďár nad Sázavou,Křídlech
Křídlůvky,Znojmo,Křídlůvkách
Křimov,Chomutov,Křimově
Křinec,Nymburk,Křinci
Křinice,Náchod,Křinicích
Křišťanov,Prachatice,Křišťanově
Křišťanovice,Bruntál,Křišťanovicích
Křivoklát,Rakovník,"Křivoklátě, Křivoklátu"
Křivsoudov,Benešov,Křivsoudově
Křižánky,Žďár nad Sázavou,Křižánkách
Křižanov,Písek,Křižanově
Křižanov,Žďár nad Sázavou,Křižanově
Křižanovice,Vyškov,Křižanovicích
Křižanovice,Chrudim,Křižanovicích
Křižanovice u Vyškova,Vyškov,Křižanovicích
Křižany,Liberec,Křižanech
Křižínkov,Brno-venkov,Křižínkově
Křížkový Újezdec,Praha-východ,Křížkovém Újezdci
Křižovatka,Cheb,Křižovatce
Křoví,Žďár nad Sázavou,Křoví
Křtěnov,Blansko,Křtěnově
Křtiny,Blansko,Křtinách
Křtomil,Přerov,Křtomili
Kšely,Kolín,Kšelích
Kšice,Tachov,Kšicích
Ktiš,Prachatice,Ktiši
Ktová,Semily,Ktové
Kublov,Beroun,Kublově
Kubova Huť,Prachatice,Kubově Huti
Kubšice,Znojmo,Kubšicích
Kučerov,Vyškov,Kučerově
Kučeř,Písek,Kučeři
Kudlovice,Uherské Hradiště,Kudlovicích
Kuchařovice,Znojmo,Kuchařovicích
Kujavy,Nový Jičín,Kujavách
Kukle,Svitavy,Kukli
Kuklík,Žďár nad Sázavou,Kuklíku
Kuks,Trutnov,Kuksu
Kulířov,Blansko,Kulířově
Kunčice,Hradec Králové,Kunčicích
Kunčice nad Labem,Trutnov,Kunčicích
Kunčice pod Ondřejníkem,Frýdek-Místek,Kunčicích
Kunčina,Svitavy,Kunčině
Kunčina Ves,Blansko,Kunčině Vsi
Kundratice,Žďár nad Sázavou,Kundraticích
Kunějovice,Plzeň-sever,Kunějovicích
Kunemil,Havlíčkův Brod,Kunemili
Kunětice,Pardubice,Kuněticích
Kunice,Praha-východ,Kunicích
Kunice,Blansko,Kunicích
Kuničky,Blansko,Kuničkách
Kunín,Nový Jičín,Kuníně
Kunkovice,Kroměříž,Kunkovicích
Kunovice,Vsetín,Kunovicích
Kunovice,Uherské Hradiště,Kunovicích
Kuňovice,Benešov,Kuňovicích
Kunratice,Liberec,Kunraticích
Kunratice,Děčín,Kunraticích
Kunratice u Cvikova,Česká Lípa,Kunraticích
Kunštát,Blansko,"Kunštátě, Kunštátu"
Kunvald,Ústí nad Orlicí,"Kunvaldu, Kunvaldě"
Kunžak,Jindřichův Hradec,Kunžaku
Kupařovice,Brno-venkov,Kupařovicích
Kurdějov,Břeclav,Kurdějově
Kuroslepy,Třebíč,"Kuroslepech, Kuroslepích"
Kurovice,Kroměříž,Kurovicích
Kuřim,Brno-venkov,Kuřimi
Kuřimany,Strakonice,Kuřimanech
Kuřimská Nová Ves,Brno-venkov,Kuřimské Nové Vsi
Kuřimské Jestřabí,Brno-venkov,"Kuřimském Jestřabí, Kuřimském Jestřabím"
Kutná Hora,Kutná Hora,Kutné Hoře
Kutrovice,Kladno,Kutrovicích
Kuželov,Hodonín,Kuželově
Kvasice,Kroměříž,Kvasicích
Kvasiny,Rychnov nad Kněžnou,Kvasinách
Kváskovice,Strakonice,Kváskovicích
Kvášňovice,Klatovy,Kvášňovicích
Květinov,Havlíčkův Brod,Květinově
Květná,Svitavy,Květné
Květnice,Praha-východ,Květnici
Květov,Písek,Květově
Kvíčovice,Domažlice,Kvíčovicích
Kvilda,Prachatice,Kvildě
Kvílice,Kladno,Kvílicích
Kvítkov,Česká Lípa,Kvítkově
Kvítkovice,České Budějovice,Kvítkovicích
Kyje,Jičín,Kyjích
Kyjov,Hodonín,Kyjově
Kyjov,Havlíčkův Brod,Kyjově
Kyjov,Žďár nad Sázavou,Kyjově
Kyjovice,Opava,Kyjovicích
Kyjovice,Znojmo,Kyjovicích
Kynice,Havlíčkův Brod,Kynicích
Kynšperk nad Ohří,Sokolov,Kynšperku
Kyselka,Karlovy Vary,Kyselce
Kyselovice,Kroměříž,Kyselovicích
Kyšice,Kladno,Kyšicích
Kyšice,Plzeň,Kyšicích
Kyškovice,Litoměřice,Kyškovicích
Kytín,Praha-západ,Kytíně
Kytlice,Děčín,"Kytlici,Kytlicích"
Labská Stráň,Děčín,Labské Stráni
Labské Chrčice,Pardubice,Labských Chrčicích
Labuty,Hodonín,Labutech
Lačnov,Vsetín,Lačnově
Ladná,Břeclav,Ladné
Lahošť,Teplice,Lahošti
Lampertice,Trutnov,Lamperticích
Lančov,Znojmo,Lančově
Lánov,Trutnov,Lánově
Lanškroun,Ústí nad Orlicí,"Lanškrouně, Lanškrounu"
Lány,Kladno,Lánech
Lány,Havlíčkův Brod,Lánech
Lány,Chrudim,Lánech
Lány u Dašic,Pardubice,Lánech
Lanžhot,Břeclav,Lanžhotě
Lanžov,Trutnov,Lanžově
Lásenice,Jindřichův Hradec,Lásenici
Laškov,Prostějov,Laškově
Lašovice,Rakovník,Lašovicích
Lavičky,Žďár nad Sázavou,Lavičkách
Lavičné,Svitavy,Lavičném
Láz,Příbram,Lázu
Láz,Třebíč,Lázu
Lazinov,Blansko,Lazinově
Lázně Bělohrad,Jičín,"Lázních Bělohradě, Lázních Bělohradu"
Lázně Bohdaneč,Pardubice,Lázních Bohdanči
Lázně Kynžvart,Cheb,"Lázních Kynžvartě, Lázních Kynžvartu"
Lázně Libverda,Liberec,Lázních Libverdě
Lázně Toušeň,Praha-východ,Lázních Toušeni
Lazníčky,Přerov,Lazníčkách
Lazníky,Přerov,Lazníkách
Lazsko,Příbram,Lazsku
Lažánky,Strakonice,Lažánkách
Lažánky,Brno-venkov,Lažánkách
Lažany,Strakonice,Lažanech
Lažany,Liberec,Lažanech
Lažany,Blansko,Lažanech
Lažiště,Prachatice,"Lažišti,Lažištích"
Lážovice,Beroun,Lážovicích
Lčovice,Prachatice,Lčovicích
Ledce,Kladno,Ledcích
Ledce,Mladá Boleslav,Ledcích
Ledce,Plzeň-sever,Ledcích
Ledce,Brno-venkov,Ledcích
Ledce,Hradec Králové,Ledcích
Ledčice,Mělník,Ledčicích
Ledeč nad Sázavou,Havlíčkův Brod,
Ledečko,Kutná Hora,Ledečku
Ledenice,České Budějovice,Ledenicích
Lednice,Břeclav,Lednici
Ledvice,Teplice,Ledvicích
Lechotice,Kroměříž,Lechoticích
Lechovice,Znojmo,Lechovicích
Lejšovka,Hradec Králové,Lejšovce
Lelekovice,Brno-venkov,Lelekovicích
Lenešice,Louny,Lenešicích
Lenora,Prachatice,Lenoře
Leskovec,Vsetín,Leskovci
Leskovec nad Moravicí,Bruntál,Leskovci
Leskovice,Pelhřimov,Leskovicích
Lesná,Tachov,Lesné
Lesná,Znojmo,Lesné
Lesná,Pelhřimov,Lesné
Lesná,Třebíč,Lesné
Lesní Hluboké,Brno-venkov,Lesním Hlubokém
Lesní Jakubov,Třebíč,Lesním Jakubově
Lesnice,Šumperk,Lesnici
Lesonice,Znojmo,Lesonicích
Lesonice,Třebíč,Lesonicích
Lestkov,Tachov,Lestkově
Lesůňky,Třebíč,Lesůňkách
Lešany,Benešov,Lešanech
Lešany,Prostějov,Lešanech
Lešetice,Příbram,Lešeticích
Leškovice,Havlíčkův Brod,Leškovicích
Lešná,Vsetín,Lešné
Leština,Šumperk,Leštině
Leština,Ústí nad Orlicí,Leštině
Leština u Světlé,Havlíčkův Brod,Leštině
Leštinka,Chrudim,Leštince
Letiny,Plzeň-jih,"Letinách, Letinech"
Letkov,Plzeň,Letkově
Letohrad,Ústí nad Orlicí,"Letohradě, Letohradu"
Letonice,Vyškov,Letonicích
Letovice,Blansko,Letovicích
Lety,Písek,Letech
Lety,Praha-západ,Letech
Levín,Litoměřice,Levíně
Levínská Olešnice,Semily,Levínské Olešnici
Lhánice,Třebíč,Lhánicích
Lhenice,Prachatice,Lhenicích
Lhota,Zlín,Lhotě
Lhota,Kladno,Lhotě
Lhota,Praha-východ,Lhotě
Lhota,Přerov,Lhotě
Lhota pod Hořičkami,Náchod,
Lhota pod Libčany,Hradec Králové,Lhotě
Lhota pod Radčem,Rokycany,
Lhota Rapotina,Blansko,Lhotě Rapotině
Lhota u Lysic,Blansko,
Lhota u Olešnice,Blansko,
Lhota u Příbramě,Příbram,
Lhota u Vsetína,Vsetín,
